DEPARTMENT_GROUP,DEPT_AVG_RANK,DEPT_POPULARITY,DEPT_TREND,DEPT_STABILITY
  Bilgi ve Belge Yönetimi (%50 Ýndirimli),441764.8333,0.6767,16.1667,0.022384133544746745
  Uluslararasý Ýþletme Yönetimi,676310.2,0.668,12.0156,0.22679300810057293
  Taký Tasarýmý,447314.0,0.7575,10.7778,0.14295871020457185
Gemi Ýnþaatý ve Gemi Makineleri Mühendisliði (UOLP-Strathclyde) (Ýngilizce) (UOLP) (Ücretli),59811.45,0.6125,6.8982,1.0702719164691474
  Ýþ Saðlýðý ve Güvenliði (%50 Ýndirimli),472976.75,0.7625,6.3333,0.15271597472441967
  Seyahat Ýþletmeciliði,437055.0833,0.8383,6.2727,0.7853128745593219
Ýngiliz Dili ve Edebiyatý (Ýngilizce) (UOLP-Uluslararasý Saraybosna Üniversitesi) (Ücretli),86900.25,0.53,6.2381,1.8490999215791317
  Yaban Hayatý Ekolojisi ve Yönetimi,330621.6,0.802,4.5129,0.3411435871132431
  Tohum Bilimi ve Teknolojisi,457210.0,0.81,4.5125,0.18285885103324515
  Süt Teknolojisi,304043.7,0.812,3.6817,0.40923671969257264
Sanat ve Kültür Yönetimi (%50 Ýndirimli),294110.75,0.535,3.4456,0.5997244837659074
  Muhasebe ve Finans Yönetimi (%50 Ýndirimli),502512.2075,0.7325,3.3805,0.4521415480475489
Biliþim Sistemleri Mühendisliði (Burslu),153687.25,0.6433,3.2,2.2582872629280737
  Ýletiþim Sanatlarý (Burslu),353979.0,0.7775,2.697,7.355120542748591
  Basýn ve Yayýn (%50 Ýndirimli),986120.5,0.23,2.6,
  Sermaye Piyasasý (%50 Ýndirimli),550369.3333,0.7233,2.4412,0.3155085553016305
Egzersiz ve Spor Bilimleri (%50 Ýndirimli),808001.5,0.58,2.3111,0.7255123123991122
  Balýkçýlýk Teknolojisi Mühendisliði,375287.9,0.704,2.0595,0.3166125581783203
  Sigortacýlýk ve Risk Yönetimi,403770.4,0.82,2.025,0.5833872970202796
Tütün Eksperliði,222909.4,0.82,2.025,0.6679308199930137
  Pazarlama (ÝÖ),243385.6667,0.73,1.871,0.036442334612514525
  Tarýmsal Yapýlar ve Sulama,327233.04,0.845,1.8403,0.2109305529324935
  Rekreasyon (Açýköðretim),174358.6,0.646,1.7481,0.2672692026895546
  Ýletiþim Tasarýmý ve Yönetimi (Ýngilizce) (%50 Ýndirimli),250236.1,0.732,1.7102,0.8909952214447481
  Sigortacýlýk ve Sosyal Güvenlik (%50 Ýndirimli),604386.75,0.65,1.6667,0.2686283697608251
Spor Yöneticiliði (Yüksekokul) (%50 Ýndirimli),491414.0,0.69,1.6316,
  Tarih (Arapça),193451.6667,0.85,1.62,4.365299782412023
  Tekstil ve Moda Tasarýmý (%50 Ýndirimli),143235.692,0.79,1.6195,0.9040652341416947
  Yeni Medya ve Ýletiþim (Ýngilizce) (Ücretli),462994.3975,0.7075,1.4836,19.305699943817622
  Elektronik ve Haberleþme Mühendisliði (Ýngilizce) (UOLP-New Jersey Institute of Technology) (Ücretli),24879.2,0.65,1.4452,0.8528717378112372
Ýnsan Kaynaklarý Yönetimi (Ýngilizce) (%50 Ýndirimli),510883.875,0.6975,1.4283,1.1500730007451663
  Egzersiz ve Spor Bilimleri (%50 Ýndirimli),272095.3,0.716,1.3653,2.7962112776201384
  Ayakkabý Tasarýmý ve Üretimi,312256.0,0.79,1.3271,0.6040387628729048
  Maliye (Açýköðretim),112294.6,0.828,1.3207,0.8016139803649045
  Ortez ve Protez (%50 Ýndirimli),369755.0,0.7325,1.2652,0.14439187266822393
  Grafik Sanatlar (Açýköðretim),139600.6,0.66,1.2476,0.4336630918410376
Havacýlýk Yönetimi (Yüksekokul) (%50 Ýndirimli),437921.942,0.748,1.2302,0.27177047311289343
Pilotaj (Ücretli),83582.8333,0.7633,1.2241,0.03664032319824026
  Organik Tarým Ýþletmeciliði,381145.868,0.802,1.2098,0.3890446646554756
  Bankacýlýk ve Sigortacýlýk (%50 Ýndirimli),513432.625,0.805,1.1818,0.36230558640827687
Antrenörlük Eðitimi (Yüksekokul) (%50 Ýndirimli),412839.7233,0.5433,1.1542,0.31646111849514375
  Sinema ve Televizyon (%50 Ýndirimli),218137.788,0.68,1.153,1.8486746202106195
  Siyaset Bilimi ve Kamu Yönetimi (Ýngilizce) (Açýköðretim),449348.118,0.74,1.0928,0.28938687927717094
Televizyon Haberciliði ve Programcýlýðý (Fakülte) (Ýngilizce) (%50 Ýndirimli),361952.75,0.4925,1.0683,0.5968818422231499
Ýslam Ekonomisi ve Finans(Ýngilizce)(%75 Ýndirimli  ),373822.86,0.7433,1.0202,0.2411274951449868
  Ermeni Dili ve Kültürü (Ermenice),51992.5,0.682,1.0138,1.7799951759417791
  Ýktisat (Ýngilizce) (Ücretli),298982.024,0.828,1.0056,0.7965389133984409
  Azerbaycan Türkçesi ve Edebiyatý,341782.5,0.8167,0.9804,4.282370646365758
Ergoterapi(Fakülte)(%75 Ýndirimli),318254.6,0.816,0.9055,0.47493831025280747
Perfüzyon (Fakülte) (%50 Ýndirimli),309898.9,0.838,0.8633,0.1038044980195263
  Lojistik Yönetimi,424566.0025,0.815,0.8538,0.2799628978062371
  Reklamcýlýk (Açýköðretim),85168.1,0.708,0.8496,1.3111086838442163
Biliþim Sistemleri Mühendisliði,130129.0283,0.7567,0.8023,0.7171357605536687
  Elektronik ve Haberleþme Mühendisliði (Ýngilizce) (UOLP-Uluslararasý Saraybosna Üniversitesi) (Ücretli),94074.4975,0.5225,0.727,0.22227507981734526
  Sosyal Hizmet (Ýngilizce) (Burslu),833017.75,0.8325,0.6768,0.7798408809848935
  Hindoloji,16413.4,0.828,0.6484,3.2910162952912345
  Gýda Teknolojisi,391528.266,0.846,0.6445,0.38728060825095606
  Hayvansal Üretim ve Teknolojileri (Ýngilizce),341707.43,0.8067,0.6417,0.5641551399892346
  Müzecilik,231981.8333,0.8667,0.64,0.38559477757534455
Su Ürünleri Mühendisliði (Ýngilizce),288225.3283,0.8633,0.6368,0.16112941220126317
Yönetim Biliþim Sistemleri (Fakülte) (Uzaktan Öðretim) (Ücretli),239060.8,0.848,0.6017,0.713177564685228
  Tarýmsal Biyoteknoloji,297829.125,0.8683,0.5944,0.3184103551197293
  Biyosistem Mühendisliði,311249.21,0.8683,0.5944,0.057492322289426946
  Kamu Yönetimi (Uzaktan Öðretim),180679.1,0.85,0.5625,0.4199713269435821
  Ýktisat (Açýköðretim),44112.0,0.85,0.5625,3.8469267255163095
  Zootekni,302483.5367,0.8683,0.5531,0.19375835625903418
  Yiyecek ve Ýçecek Ýþletmeciliði,269805.8333,0.8683,0.5531,0.4809642000978001
  Havacýlýk Yönetimi (Açýköðretim),61655.3467,0.8717,0.5156,1.0601440333446124
Ekonomi ve Finans(Burslu),295904.6133,0.8683,0.5136,0.5469324064925506
Havacýlýk Yönetimi (Fakülte) (Ýngilizce) (%50 Ýndirimli),455881.815,0.7933,0.511,0.26133108570627656
  Nanobilim ve Nanoteknoloji,282486.0,0.8617,0.5096,0.4782803107318299
  Sosyoloji (ÝÖ),309894.606,0.652,0.5055,0.1451097014254813
  Polimer Malzeme Mühendisliði,149451.8,0.73,0.5049,0.24654871554214233
  Elektronik Ticaret ve Yönetimi (%50 Ýndirimli),351389.3925,0.8025,0.5041,0.9715510532206639
  Elektronik ve Haberleþme Mühendisliði (Ýngilizce) (KKTC Uyruklu),182780.25,0.6725,0.5031,0.29894307116506225
  Toprak Bilimi ve Bitki Besleme,329960.9333,0.8717,0.4814,0.20345818558887463
  Ýnþaat Mühendisliði (Ýngilizce) (UOLP-Azerbaycan Mimarlýk ve Ýnþaat Üniversitesi) (Ücretli),116438.1,0.76,0.4667,0.19257103541738183
  Fizik (Ýngilizce) (UOLP-Coe College) (Ücretli) ,393200.75,0.8325,0.4534,0.24153577851088656
"  Ýngilizce, Fransýzca Mütercim ve Tercümanlýk (%50 Ýndirimli)",32544.876,0.7,0.4514,0.5380439251827798
Finans ve Bankacýlýk (Fakülte) (KKTC Uyruklu),428003.632,0.842,0.4319,0.33414013677202653
Aktüerya Bilimleri (Fakülte) (Ýngilizce) (Burslu),366384.2,0.86,0.4083,0.13909828910736793
Rekreasyon (ÝÖ),321151.876,0.856,0.4058,0.19146702953058534
  Ýnþaat Mühendisliði (Almanca),157957.736,0.664,0.3954,0.3452239714252591
  Çerkez Dili ve Kültürü,95215.166,0.81,0.3911,3.639689350332577
  Ýbrani Dili ve Kültürü,28032.8,0.8,0.3908,2.523613308370626
  Ýþletme (Ýngilizce) (UOLP-SUNY Empire State College) (Ücretli) ,161755.634,0.802,0.3789,0.7998338765708404
  Ýngiliz Dili ve Edebiyatý (Burslu),32605.76,0.88,0.375,0.24755117503972643
  Endüstri Mühendisliði (%50 Ýndirimli),156886.4633,0.6433,0.3593,0.5524294712204194
Malzeme Bilimi ve Nanoteknoloji Mühendisliði (Ýngilizce),115336.35,0.524,0.3552,0.8457550759518102
  Tekstil ve Moda Tasarýmý (Ýngilizce) (%50 Ýndirimli),303796.174,0.754,0.3483,0.11972158698041224
Ekonometri (ÝÖ),349080.6183,0.8733,0.3429,0.15130438926231543
  Tekstil ve Moda Tasarýmý (KKTC Uyruklu),1035183.75,0.875,0.3333,0.2820187456478809
Sosyal Hizmet (Yüksekokul) (%50 Ýndirimli),505295.2933,0.705,0.3296,0.5605173646834928
  Ýletiþim Sanatlarý (%50 Ýndirimli),373555.3,0.766,0.3156,2.288568462368313
  Ýktisat (ÝÖ),363936.818,0.864,0.3153,0.13407570459851334
  Pazarlama,370925.625,0.875,0.3078,0.30081833944178715
Muhasebe ve Finans Yönetimi (Yüksekokul),372307.78,0.8617,0.3062,0.25894192528328064
  Bitkisel Üretim ve Teknolojileri (Ýngilizce),173673.6667,0.8817,0.3032,0.42481088523400595
Çocuk Geliþimi (Yüksekokul) (%50 Ýndirimli),410029.77,0.8517,0.3019,0.23197994713604683
  Arkeoloji (ÝÖ),164435.75,0.85,0.3,0.9359427409142934
  Basýn ve Yayýn (Burslu),405038.1667,0.7,0.2924,0.9983055173363193
Saðlýk Yönetimi (ÝÖ),248998.31,0.8825,0.284,0.0779278547315564
  Ýþletme (%25 Ýndirimli),423421.1417,0.8433,0.282,0.2958660766750245
Bankacýlýk ve Sigortacýlýk (Yüksekokul),389247.69,0.828,0.2815,0.35887188595339087
Fizyoterapi ve Rehabilitasyon (Fakülte) (Ýngilizce) (%25 Ýndirimli),302414.1617,0.8667,0.2775,0.10651903043556216
  Türk Dili ve Edebiyatý Öðretmenliði,40266.622,0.814,0.2743,0.8632747575549545
  Ýnsan Kaynaklarý Yönetimi (Ýngilizce) (Ücretli),791093.1675,0.7,0.2687,1.5681720947701983
  Biyoteknoloji,287671.4117,0.8817,0.2681,0.12521927496188318
  Gerontoloji,248637.004,0.846,0.2571,0.15417626084414235
  Orman Endüstrisi Mühendisliði,274571.9133,0.8883,0.2563,0.13543835188740058
  Tarla Bitkileri,261261.4033,0.89,0.2562,0.1549928442446641
  Felsefe (Açýköðretim),72635.12,0.876,0.2529,0.2200469392658846
  Ýktisat (Ýngilizce) (UOLP-SUNY Cortland) (Ücretli),356773.5,0.81,0.25,1.6993083864514542
Film Tasarýmý ve Yönetmenliði (KKTC UYRUKLU),387722.5,0.8333,0.25,2.193808847569413
Arkeoloji(ÝÖ),223529.3067,0.8817,0.2483,0.17692878168464996
  Yeni Medya,110290.6667,0.88,0.2476,1.5798112046329047
  Balýkçýlýk Teknolojisi Mühendisliði (Ýngilizce) (Burslu),1089508.0,0.89,0.2463,0.14087138942269908
Bahçe Bitkileri (Ýngilizce) (%50 Ýndirimli),673483.8333,0.89,0.2463,0.017877644610530555
Harita Mühendisliði,166092.598,0.624,0.2453,0.3760046264843726
Kamu Yönetimi (ÝÖ),278444.4367,0.8883,0.2394,0.16694105512499957
  Biyomühendislik (UOLP-Montana State Üniversitesi) (Ýngilizce) (UOLP) (Ücretli),77977.25,0.5325,0.2166,0.42082141728064265
  Film Tasarýmý ve Yönetimi (Ýngilizce) (Ücretli),368860.532,0.736,0.2128,0.4401154905625742
  Felsefe,283332.8117,0.8883,0.2081,0.1362011304095995
Ergoterapi (Fakülte) (KKTC Uyruklu),135806.75,0.915,0.2048,
  Sinoloji (Uzaktan Öðretim),3305.0,0.91,0.2045,0.4648466666673697
  Ýktisat ,309055.6283,0.8783,0.2024,0.30228031359978774
  Bahçe Bitkileri,248829.665,0.8983,0.1908,0.11712002400871013
Ýþ Saðlýðý ve Güvenliði (Fakülte) (%50 Ýndirimli),294880.2467,0.86,0.1809,0.27339647396317096
  Çalýþma Ekonomisi ve Endüstri Ýliþkileri (Açýköðretim),350795.8917,0.895,0.1789,0.09838836423686323
Aðaç Ýþleri Endüstri Mühendisliði (KKTC UYRUKLU),328454.4717,0.8917,0.1782,0.37477701718976936
Turizm Ýþletmeciliði (Yüksekokul) (Ýngilizce) (%50 Ýndirimli),176876.97,0.918,0.1737,0.6586638695510819
  Hemþirelik (Ücretli),341790.12,0.915,0.1717,0.018312694762172742
  Nükleer Enerji Mühendisliði (Ýngilizce) (KKTC Uyruklu),139601.6,0.68,0.1702,0.3868451934399445
  Jeofizik Mühendisliði,69256.1817,0.8983,0.1604,0.7088644151701523
  Finans ve Bankacýlýk (Ýngilizce) (%50 Ýndirimli),588331.07,0.82,0.1577,0.6943957771577538
  Sosyal Hizmet (%50 Ýndirimli),196466.63,0.7817,0.1542,1.0401871653194743
  Kentsel Tasarým ve Peyzaj Mimarlýðý (%50 Ýndirimli),295380.8617,0.8833,0.1535,0.1964419418584599
Finans ve Bankacýlýk (Ýngilizce) (%50 Ýndirimli),377754.4475,0.5925,0.1525,0.7143167472468119
  Peyzaj Mimarlýðý,282714.6183,0.905,0.1511,0.07103413428219085
Acil Yardým ve Afet Yönetimi (Fakülte) (ÝÖ),294394.2967,0.9033,0.1511,0.03628148381115432
  Fizik,241255.365,0.8967,0.1472,0.07807813503764775
Sosyal ve Siyasal Bilimler (%75 Ýndirimli),391828.566,0.926,0.1468,1.0650779007312807
  Uluslararasý Ticaret ve Finansman (%50 Ýndirimli),533105.476,0.852,0.1464,0.3769551190855373
Turizm Ýþletmeciliði (Fakülte) (Ýngilizce),332197.255,0.895,0.1352,0.4031541003761021
Þehir ve Bölge Planlama(Ýngilizce),253935.9783,0.9067,0.1345,0.1057450985746309
Acil Yardým ve Afet Yönetimi (Ýngilizce) (Burslu),203482.8,0.736,0.1344,2.7465870709339826
Sosyal Hizmet (Açýköðretim),72680.8333,0.9083,0.1344,0.2840095144447199
  Çevre Mühendisliði,162908.185,0.6267,0.1343,0.41877355833747676
  Ýstatistik ve Bilgisayar Bilimleri (Ýngilizce) (Ücretli),378573.7767,0.93,0.1329,0.31599584466147207
  Basým Teknolojileri,242074.0,0.898,0.1327,0.3385323598205742
Ekonometri (KKTC Uyruklu),622130.2,0.9,0.125,0.4926771569311396
Veterinerlik (Ýngilizce) (KKTC Uyruklu),366217.75,0.9,0.125,0.8742963678771282
Uçak Gövde ve Motor Bakýmý (Yüksekokul) (%25 Ýndirimli),215900.4,0.9,0.125,0.20329180641769004
  Bilgi ve Belge Yönetimi (KKTC Uyruklu),1019102.2,0.9,0.125,0.22675521919503966
Siyaset Bilimi ve Uluslararasý Ýliþkiler (Açýköðretim),168079.2,0.844,0.1237,7.772943038477259
  Gümrük Ýþletme,269175.9167,0.91,0.1196,0.23669355208358764
  Ýþletme ,261838.9867,0.9,0.1186,0.09902597510956962
  Hidrojeoloji Mühendisliði,122898.41,0.7867,0.1169,0.5911957346137037
  Biyomühendislik,143660.8567,0.7183,0.1163,0.3839077584253503
  Moleküler Biyoloji ve Genetik (%50 Ýndirimli),224045.455,0.9133,0.1127,0.1823607419847299
Çaðdaþ Türk Lehçeleri ve Edebiyatlarý (ÝÖ),234074.555,0.8733,0.1112,0.0916590576290133
Yönetim Biliþim Sistemleri(Fakülte)(Ýngilizce)(%50 Ýndirimli),229169.544,0.904,0.1108,0.27687465197657446
Ýnsan Kaynaklarý Yönetimi (Fakülte) (%50 Ýndirimli),336432.465,0.9067,0.1087,0.2130039924703594
  Ýktisat (Ýngilizce) (Açýköðretim),254293.9733,0.83,0.1087,78.24215316609866
Yeni Medya ve Gazetecilik(Fakülte)(%75 Ýndirimli),215920.81,0.8767,0.1087,1.0455861109184794
  Uçak Bakým ve Onarým (%50 Ýndirimli),219521.25,0.94,0.1053,0.01749166088769109
  Uçak Gövde ve Motor Bakýmý (Ýngilizce) (%50 Ýndirimli),132828.875,0.94,0.1053,0.3381289825492762
  Optik ve Akustik Mühendisliði (Ýngilizce),183773.5,0.2125,0.102,0.7256148358260305
  Ýþletme (ÝÖ),268502.816,0.904,0.1017,0.1238077880535591
Pilotaj (Fakülte) (Ýngilizce) (Ücretli),154521.6567,0.875,0.0988,2.6564837725298585
Tekstil ve Moda Tasarýmý (Burslu),316845.0,0.905,0.0961,0.426872660483017
  Spor Yöneticiliði (ÝÖ),258940.116,0.902,0.0955,0.08865502297134403
Gayrimenkul Geliþtirme ve Yönetimi (Yüksekokul) (Ýngilizce) (%50 Ýndirimli),183097.5,0.8833,0.0942,1.4999711563305553
  Biliþim Sistemleri Mühendisliði (Ýngilizce) (UOLP-SUNY Binghamton) (Ücretli),56559.195,0.7817,0.0926,1.0830632842547832
  Antropoloji,244914.035,0.8733,0.0888,0.5102626642238196
  Ýslami Ýlimler (Arapça) (M.T.O.K.) ,338217.3225,0.9175,0.0885,0.4503133646628857
  Makine Mühendisliði (Ücretli),142521.7,0.89,0.0884,0.3731190618875219
Turizm Rehberliði (Fakülte) (%50 Ýndirimli),37852.8,0.772,0.0882,0.25691710100512305
  Psikoloji (%50 Ýndirimli),307113.08,0.8567,0.0878,0.5059497646225044
  Siyaset Bilimi ve Kamu Yönetimi (Ýngilizce) (%50 Ýndirimli),233509.8533,0.8467,0.0848,0.7306225833258746
  Bilgisayar Mühendisliði (Ýngilizce) (KKTC Uyruklu),229605.9317,0.8533,0.084,0.4974695397462078
  Havacýlýk Yönetimi (Ýngilizce) (Ücretli),288615.546,0.88,0.0808,4.282053385336888
  Çocuk Geliþimi (Açýköðretim),72540.4167,0.9233,0.0784,1.7405198973315479
  Türk Halkbilimi,152704.8667,0.9167,0.0782,0.3504981583989504
  Grafik Tasarýmý (Ýngilizce) (%50 Ýndirimli),318508.0433,0.9117,0.0781,0.571977119057034
  Turizm Rehberliði (Ýngilizce) (Burslu),32015.375,0.9125,0.0778,1.5425058491500165
  Maliye,266984.0067,0.9117,0.0775,0.12951165645419688
  Denizcilik Ýþletmeleri Yönetimi (Ýngilizce) (%50 Ýndirimli),295116.4383,0.91,0.0773,0.4116719420144048
  Maliye (ÝÖ),476716.3467,0.7233,0.0741,0.10668328146192026
Ýç Mimarlýk (%25 Ýndirimli),230642.64,0.71,0.0724,0.27070577000431234
Sanat Tarihi (ÝÖ),95428.9233,0.9167,0.0704,0.2222936289716529
  Seyahat Ýþletmeciliði ve Turizm Rehberliði ,262060.4167,0.9233,0.0692,0.5883785358025898
  Tarým Makineleri ve Teknolojileri Mühendisliði (Ýngilizce) (Burslu),281099.82,0.9233,0.0692,0.1086117530979272
Siyaset Bilimi ve Kamu Yönetimi (KKTC Uyruklu),230358.39,0.9067,0.0676,0.1084433150229304
  Ekonomi (Ýngilizce) (UOLP-Batý Kanada Huron Üniversitesi) (Ücretli),384197.0,0.92,0.0667,0.07782787028638316
  Fransýzca Öðretmenliði (Fransýzca),14206.9,0.92,0.0667,0.3614249404208933
  Ýnþaat Mühendisliði (Ýngilizce) (UOLP-SUNY Buffalo) (Ücretli),139527.75,0.7675,0.0652,0.1939089884980377
Sosyal Hizmet (ÝÖ),229791.5575,0.96,0.0635,0.05721268045884678
  Endüstriyel Tasarým (Ýngilizce) (%50 Ýndirimli),186237.294,0.922,0.0623,0.11746482119494937
Rekreasyon Yönetimi (Fakülte) (M.T.O.K.),193320.7,0.922,0.0623,0.14608456306004955
  Uluslararasý Ýþletme Yönetimi (Ýngilizce) (Burslu),527421.5667,0.7883,0.0621,1.3132891747715791
  Felsefe Grubu Öðretmenliði,154868.195,0.725,0.0614,0.43944134979964017
Uluslararasý Ýliþkiler(Ýngilizce),263888.525,0.92,0.0612,0.2785084453151863
  Ýþletme (Ücretli),547314.9833,0.92,0.0609,0.9777244698067526
  Protohistorya ve Ön Asya Arkeolojisi,196758.6117,0.93,0.0608,0.47324272046510907
Uluslararasý Ticaret ve Lojistik (Fakülte) (Ýngilizce) (Burslu),296252.7467,0.9067,0.0605,0.1631243052392955
  Ýlahiyat (Burslu),141204.7633,0.865,0.0587,0.816605270071987
  Tarým Ticareti ve Ýþletmeciliði (Ýngilizce) (%50 Ýndirimli),194175.9167,0.8517,0.0585,3.3337079474045734
  Teknoloji ve Bilgi Yönetimi (%50 Ýndirimli),346612.555,0.8717,0.0573,0.3202864296676286
  Tarih (Açýköðretim),7836.5833,0.8683,0.057,1.3898329626609724
  Gemi Ýnþaatý ve Gemi Makineleri Mühendisliði (Ýngilizce) (%50 Ýndirimli),85566.4167,0.8683,0.0567,0.5736299525301117
  Tarih (ÝÖ),137983.475,0.735,0.0554,0.4295990718404088
Sosyoloji(ÝÖ),242412.8567,0.9233,0.0552,0.06576065413762319
  Ýslam Ýktisadý ve Finans (Ýngilizce) (%50 Ýndirimli),248825.366,0.874,0.0545,81.46400698347702
  Halkla Ýliþkiler ve Reklamcýlýk (Ýngilizce) (%50 Ýndirimli),225539.8833,0.8433,0.0543,0.5659371518790636
  Makine Mühendisliði (M.T.O.K.) (ÝÖ),227474.25,0.9175,0.0542,0.18001771064740238
Deniz Ulaþtýrma Ýþletme Mühendisliði (Yüksekokul) (Ýngilizce) (Burslu),135394.9733,0.87,0.0541,0.2335670013374065
  Doðu Dilleri (Çin Dili ve Edebiyatý)  ,41899.4167,0.9333,0.0533,0.8922077391609816
  Reklam Tasarýmý ve Ýletiþimi (Ýngilizce) (%50 Ýndirimli),62169.6667,0.9333,0.0533,1.3919950912627057
  Uluslararasý Ticaret ve Ýþletmecilik (%50 Ýndirimli),359970.2583,0.925,0.053,0.320468912696572
Halkla Ýliþkiler ve Pazarlama Ýletiþimi (%50 Ýndirimli),317907.6833,0.8533,0.052,0.7584405448031787
Sanat ve Kültür Yönetimi (Ücretli),32183.9,0.966,0.0512,0.4141972078695331
Tarih(%50 Ýndirimli),31109.3083,0.8817,0.0502,0.3723169200200771
  Lojistik Yönetimi (Ýngilizce) (Ücretli),286564.0575,0.8925,0.0497,0.38385669540675643
  Rus Dili ve Edebiyatý (Rusça) (%50 Ýndirimli),216716.98,0.775,0.0478,0.4756322038003651
"Ýngilizce, Fransýzca Mütercim ve Tercümanlýk (%50 Ýndirimli)",17872.3075,0.8575,0.0478,1.05949680963063
Uluslararasý Ticaret ve Lojistik Yönetimi(Fakülte)(Ýngilizce)(%50 Ýndirimli),269782.535,0.895,0.0472,0.28661431405111726
Fransýzca Mütercim ve Tercümanlýk (KKTC Uyruklu),35310.5,0.93,0.0471,1.9427980791624107
Gayrimenkul Geliþtirme ve Yönetimi (Fakülte),217915.75,0.9367,0.0466,2.1705846701971447
Uçak Bakým ve Onarým (Yüksekokul) (%25 Ýndirimli),217444.1425,0.9225,0.0464,0.0188088673282053
  Biyoloji,246454.8383,0.9283,0.0459,0.05460426147917993
Genetik ve Biyomühendislik (Ýngilizce),136357.25,0.8233,0.0453,0.7377179867216104
Uluslararasý Ticaret ve Finansman (Ýngilizce),292778.494,0.9,0.0445,0.069827680638256
  Küresel Siyaset ve Uluslararasý Ýliþkiler (Ýngilizce) (UOLP-SUNY Binghamton) (%50 Ýndirimli),50373.5833,0.8333,0.0444,1.58206533483617
Gýda Mühendisliði(Burslu),154168.275,0.7133,0.0433,0.2875683469326383
Ýlahiyat (Arapça) (M.T.O.K.),267632.51,0.955,0.0432,0.6352721876532252
  Bilgi ve Belge Yönetimi (Burslu),243314.6233,0.9367,0.0415,0.04777122269131112
  Çeviribilimi (Ýngilizce) (Ücretli),18836.3,0.934,0.0406,1.1609598352131598
Bankacýlýk ve Sigortacýlýk (Fakülte) (%50 Ýndirimli),785400.4,0.868,0.0406,1.249092873112357
  Uçak Elektrik ve Elektroniði (Ýngilizce) (%50 Ýndirimli),135063.8,0.934,0.0406,0.5108336906704406
Gastronomi ve Mutfak Sanatlarý (Fakülte) (Ýngilizce) (%50 Ýndirimli),121009.0867,0.905,0.0396,0.7059044948228729
Sermaye Piyasasý (Fakülte) (%50 Ýndirimli),291387.5,0.7825,0.0395,0.17633431936210764
  Biyomedikal Mühendisliði (%50 Ýndirimli),137458.31,0.7983,0.0394,0.23941465617679836
  Uluslararasý Ticaret ve Ýþletmecilik (Ýngilizce) (%50 Ýndirimli),362678.265,0.8733,0.0394,0.31865168479258243
Tekstil ve Moda Tasarýmý (Fakülte) (%50 Ýndirimli),86356.125,0.84,0.0386,0.6657029916724472
  Biyokimya,211929.5833,0.9333,0.0386,0.2101394466333694
  Hukuk (Ücretli),66180.295,0.8317,0.038,0.0966207712600303
  Turizm ve Otel Ýþletmeciliði (Ýngilizce) (Burslu),323245.2733,0.9083,0.0379,44.353836626838955
  Ýktisat (Almanca) ,22173.9167,0.9417,0.0377,0.7420719353938084
Havacýlýk Yönetimi (KKTC Uyruklu),547868.9,0.91,0.0377,0.6512744277224879
  Ýletiþim Bilimleri (%50 Ýndirimli),193463.25,0.8733,0.0376,0.44767920369939523
  Dil ve Konuþma Terapisi (Ýngilizce) (%50 Ýndirimli),169175.8683,0.9433,0.035,0.2970308386732198
  Þehir ve Bölge Planlama (Ýngilizce) (%50 Ýndirimli),194194.9933,0.9317,0.0345,0.14955696038973537
  Halkla Ýliþkiler ve Tanýtým (Uzaktan Öðretim),101395.2333,0.93,0.0335,0.4582439766028
Siyaset Bilimi ve Uluslararasý Ýliþkiler (Ýngilizce) (UOLP-New York Eyalet Üniversitesi (Suny Albany)) (Ücretli),231473.6117,0.945,0.0325,0.467830246756562
Beslenme ve Diyetetik (Fakülte) (Ýngilizce) (%25 Ýndirimli),234462.8717,0.9283,0.0323,0.33200866344102486
Havacýlýk Yönetimi (Burslu),200964.175,0.9525,0.0315,0.08702946180871723
  Denizcilik Ýþletmeleri Yönetimi (Ýngilizce),238759.5767,0.9467,0.0301,0.16719452232239232
Çocuk Geliþimi (Yüksekokul) (Ýngilizce) (Burslu),207119.0,0.942,0.0296,0.6824971843441777
  Türkçe Öðretmenliði (Burslu),98693.2625,0.885,0.0295,0.7108538433264823
Arapça Mütercim ve Tercümanlýk (Fakülte) (ÝÖ),21161.652,0.934,0.0294,0.28402326973889186
  Ýslam Ýktisadý ve Finans  (Burslu),239030.218,0.862,0.0286,1.8355349367349936
Petrol ve Doðalgaz Mühendisliði (Ýngilizce) (%50 Ýndirimli),101111.9517,0.82,0.0281,0.485254609319019
Biyomedikal Mühendisliði(KKTC Uyruklu),242569.875,0.9375,0.0278,0.7001577263694917
  Reklam Tasarýmý ve Ýletiþimi (Ýngilizce) (Burslu),103102.9167,0.8933,0.0276,163.26969851405934
Sýnýf Öðretmenliði(Ýngilizce)(%75 Ýndirimli),106387.9717,0.86,0.0275,0.20616302842260534
Beden Eðitimi ve Spor Öðretmenliði (Yüksekokul),112192.29,0.8667,0.0273,0.5289233921426792
Gazetecilik (ÝÖ),141242.2467,0.9467,0.0272,0.3059924594275293
  Çocuk Geliþimi (Burslu),281889.3875,0.93,0.0268,0.43094140635847145
  Gazetecilik (%50 Ýndirimli),233744.565,0.8833,0.0266,0.25423753714601693
  Yeni Medya ve Ýletiþim (Ýngilizce) (%50 Ýndirimli),201344.375,0.8583,0.0264,0.5972121883484587
Deniz Ulaþtýrma Ýþletme Mühendisliði (Fakülte) (Ýngilizce) (UOLP- SUNY Maritime) (%50 Ýndirimli),111044.7117,0.7983,0.0254,0.32847334590003013
  Ýlahiyat (ÝÖ),73802.2875,0.94,0.0253,0.44062361286717144
Uluslararasý Ticaret ve Finansman (Fakülte) (Ýngilizce) (%50 Ýndirimli),248118.312,0.9,0.0251,0.37466201289525375
Kuyumculuk ve Mücevher Tasarýmý (Yüksekokul),211153.5,0.9517,0.0237,0.4776305467013128
Çizgi Film ve Animasyon (%50 Ýndirimli),145340.142,0.838,0.0237,1.2217360946665519
  Genetik ve Yaþam Bilimleri Programlarý (Ýngilizce) (%50 Ýndirimli),97654.25,0.9425,0.0229,0.8610919051874298
Bankacýlýk ve Sigortacýlýk (Yüksekokul) (%50 Ýndirimli),555384.7925,0.9425,0.0229,0.7564877184714893
  Uluslararasý Ticaret ve Ýþletmecilik (Ýngilizce) (Ücretli),501874.565,0.9117,0.0228,0.6107212481472873
  Psikoloji (Ücretli),334810.8933,0.9483,0.0226,0.18471489387946485
  Kültür Varlýklarýný Koruma ve Onarým (%50 Ýndirimli),244220.985,0.945,0.0223,0.24812259857979604
  Yapay Zeka Mühendisliði (Ýngilizce) (KKTC Uyruklu),146143.242,0.938,0.0218,0.505774847047896
Biliþim Sistemleri ve Teknolojileri (Yüksekokul) (Ýngilizce) (%50 Ýndirimli),213331.0067,0.935,0.0216,0.33324892959134583
  Arap Dili ve Edebiyatý (Arapça) (ÝÖ),27034.5,0.946,0.0203,1.1238516995429049
  Malzeme Bilimi ve Mühendisliði (Ýngilizce),92050.355,0.9067,0.0201,0.3289495464295298
  Ýstatistik (%50 Ýndirimli),225199.5233,0.9183,0.0194,0.7257301048686268
  Halkla Ýliþkiler ve Tanýtým (Ýngilizce) (Ücretli),368318.7083,0.8433,0.0188,10.42165690344557
Bilgi Güvenliði Teknolojisi (Yüksekokul) (Ýngilizce) (Burslu),212151.2833,0.9483,0.0186,0.07169003673366589
  Endüstriyel Tasarým Mühendisliði (M.T.O.K.),130997.805,0.895,0.0184,0.44329143785111175
Almanca Öðretmenliði (Almanca),16195.29,0.95,0.0184,0.3201088232162222
Animasyon ve Oyun Tasarýmý(Ýngilizce)(%50 Ýndirimli),211010.8633,0.9567,0.0183,0.3639760543741852
  Matematik ve Bilgisayar Bilimleri (Ýngilizce) (Burslu),259582.2083,0.9467,0.0178,0.3817390827610589
  Biyoloji Öðretmenliði ,180069.4667,0.88,0.0178,0.1406819414301273
  Ýç Mimarlýk (Ücretli),324246.9133,0.9067,0.0176,1.6089802531082427
  Ýç Mimarlýk ve Çevre Tasarýmý (Ýngilizce) (%25 Ýndirimli),171926.855,0.8967,0.0173,0.22675032202054787
  Ýngilizce Öðretmenliði (Ücretli),189774.41,0.954,0.0172,0.5892257127586604
  Görsel Ýletiþim Tasarýmý (Ýngilizce) (%50 Ýndirimli),177499.2333,0.885,0.0168,0.43572895151650926
  Antropoloji (KKTC Uyruklu),549408.8883,0.9583,0.0167,0.1928416967624931
Ýç Mimarlýk ve Çevre Tasarýmý (Ýngilizce) (%25 Ýndirimli),246805.022,0.95,0.0161,0.10878720053582834
  Tarih Öncesi Arkeolojisi,197778.5,0.96,0.0152,2.225397432550748
  Astronomi ve Uzay Bilimleri,145727.5167,0.9583,0.0152,0.3638496942396029
  Coðrafya (Uzaktan Öðretim),13176.1667,0.96,0.0152,0.8089998542061015
  Turizm Rehberliði (ÝÖ),31388.69,0.9675,0.0151,0.04853592411608427
  Aktüerya Bilimleri,215117.184,0.948,0.0147,0.2272136743067792
  Ýletiþim ve Tasarýmý (Ýngilizce) (%50 Ýndirimli),213827.7383,0.8867,0.0147,0.35238925399120435
  Ýktisadi ve Ýdari Programlar (Ýngilizce) (%50 Ýndirimli),197881.375,0.9075,0.0141,1.0375906090794296
Bilgisayar ve Öðretim Teknolojileri Öðretmenliði (Ýngilizce) (Ücretli),128242.83,0.8983,0.0133,0.21594058720997375
Mütercim-Tercümanlýk(Fakülte)(Türkçe-Rusça),31272.8333,0.9383,0.0131,0.4893536779760796
Gemi Makineleri Ýþletme Mühendisliði(Fakülte)(Ýngilizce)(UOLP-SUNY Maritime)(%50 Ýndirimli),111824.066,0.946,0.0129,0.3826715634957926
Otomotiv Mühendisliði(M.T.O.K.),139410.02,0.895,0.0125,0.2417725793138483
  Siyaset Bilimi ve Uluslararasý Ýliþkiler (Ýngilizce) (%50 Ýndirimli),209859.3767,0.915,0.0122,0.28292669505557444
  Tarih,71478.6033,0.9617,0.012,0.17333108115413845
  Biliþim Sistemleri ve Teknolojileri (%50 Ýndirimli),240517.6533,0.955,0.0119,0.18992395282186664
Ýstatistik (Ücretli),441085.125,0.9283,0.0118,0.27344881188822623
Ýç Mimarlýk,105781.4733,0.8583,0.0114,0.23156296958610437
  Metalurji ve Malzeme Mühendisliði (Ýngilizce) (%50 Ýndirimli),93558.0833,0.8783,0.0112,0.3291797485339129
Metalurji ve Malzeme Mühendisliði (%50 Ýndirimli),129487.4617,0.8583,0.0109,0.21914294914884522
  Elektrik Mühendisliði (ÝÖ),119370.0733,0.8917,0.0107,0.25067709256149395
  Sigortacýlýk ve Sosyal Güvenlik (Burslu),365270.5983,0.9583,0.0105,0.5784696796315253
  Moda Tasarýmý,133269.25,0.9925,0.0103,0.137722684788256
  Maliye (Burslu),232309.3333,0.9667,0.01,0.4606403001076169
Siyaset Bilimi ve Kamu Yönetimi (Ýngilizce) (%50 Ýndirimli),314186.5667,0.825,0.0099,1.0531579612318558
Makine Mühendisliði(Almanca),133811.3533,0.83,0.0094,0.2504770179725858
  Ýslami Ýlimler (ÝÖ),54858.0983,0.9633,0.0092,0.24659844398179254
Matematik(ÝÖ),173068.5717,0.96,0.0092,0.039108362396332336
  Ýktisadi ve Ýdari Bilimler Programlarý (Ýngilizce) (%50 Ýndirimli),80575.7633,0.9283,0.009,1.2327184386732088
Eczacýlýk (Ücretli),65688.2267,0.9683,0.0089,0.07401114599363777
  Ebelik (%50 Ýndirimli),51626.6883,0.8967,0.0087,1.3021913897270607
Turizm ve Otel Ýþletmeciliði(Fakülte)(Ýngilizce)(%75 Ýndirimli),83348.764,0.966,0.0087,0.4548799118339765
Gemi Makineleri Ýþletme Mühendisliði (Fakülte) (Ýngilizce) (%50 Ýndirimli),115596.08,0.88,0.0086,0.21306265552381684
  Bankacýlýk ve Sigortacýlýk (Ýngilizce) (Burslu),1055272.3333,0.96,0.0082,0.22201274506079033
  Okul Öncesi Öðretmenliði (Ýngilizce) (%50 Ýndirimli),50176.6783,0.9567,0.0082,0.2912485669674063
  Yazýlým Mühendisliði (M.T.O.K.) (ÝÖ) ,165430.9917,0.945,0.0081,0.1398001490042817
  Özel Eðitim Öðretmenliði (Ýngilizce) (%50 Ýndirimli),38783.8033,0.9667,0.008,1.4930248925138636
  Ekonometri (Ýngilizce),127263.7217,0.9667,0.008,1.122226501643615
Hukuk (UOLP-Köln Üniversitesi) (%50 Ýndirimli),17036.3333,0.97,0.0079,1.0842583985468282
Muhasebe ve Finans Yönetimi (Fakülte) (%50 Ýndirimli),749720.2825,0.965,0.0076,0.513710886012872
  Elektrik-Elektronik Mühendisliði (Ýngilizce) (%50 Ýndirimli),97132.8783,0.915,0.0074,0.34528427439584414
  Enerji Sistemleri Mühendisliði (Ýngilizce) (%50 Ýndirimli),124124.0683,0.835,0.0072,0.19724238365296623
  Bitki Koruma,209953.105,0.9617,0.0072,0.11030843034724641
Fen Bilgisi Öðretmenliði (Ýngilizce),136870.215,0.9483,0.0071,0.1922581768415413
Elektronik ve Haberleþme Mühendisliði (%50 Ýndirimli),49923.0767,0.9717,0.007,0.512615976188073
  Kentsel Tasarým ve Peyzaj Mimarlýðý (Ýngilizce) (%50 Ýndirimli),218053.5433,0.9617,0.0067,1.2046948927694863
Yönetim Biliþim Sistemleri (Fakülte) (Ýngilizce) (Ücretli),160940.464,0.95,0.0066,0.5614384824226425
  Kimya Öðretmenliði ,137376.2283,0.9633,0.0063,0.5491314142251209
  Fotoðraf,49160.5,0.9733,0.0061,1.4080149249128238
Havacýlýk Elektrik ve Elektroniði(Fakülte)(KKTC Uyruklu),145911.0433,0.965,0.0059,0.29353789023717786
  Mimarlýk (Ýngilizce) (%50 Ýndirimli),187905.835,0.935,0.0054,0.27330153431788623
  Moleküler Biyoloji ve Genetik (Ýngilizce),168162.335,0.9583,0.0051,0.059431041603004116
  Kimya,233480.0367,0.9617,0.0049,0.06220392493604709
Týp (Ücretli),25049.57,0.925,0.0048,0.11208735277405228
Egzersiz ve Spor Bilimleri (Burslu),240110.7075,0.9725,0.0045,0.31038906652912035
Arap Dili ve Edebiyatý (Uzaktan Öðretim),84324.9033,0.9583,0.004,18.572610358209
Havacýlýk Yönetimi(Fakülte)(KKTC Uyruklu),458726.7767,0.9733,0.0035,0.6750673428815435
  Fransýzca Öðretmenliði (KKTC Uyruklu),93246.866,0.978,0.0034,2.268130880605434
  Reklamcýlýk (%50 Ýndirimli),58829.355,0.98,0.0033,0.440197967348799
  Biliþim Sistemleri ve Teknolojileri (Ýngilizce) (Burslu),120258.8067,0.9117,0.0031,0.40955627876611456
Fizik(Ýngilizce)(Burslu),80502.0417,0.9767,0.0029,0.21747667535379914
Türk Dili ve Edebiyatý(Ýngilizce),81837.0283,0.9483,0.0028,0.11122044943885526
  Gazetecilik (Uzaktan Öðretim),41671.93,0.9817,0.0027,3.708704997175366
  Biyomühendislik (Ýngilizce) (KKTC Uyruklu),247251.135,0.9767,0.0026,0.5648981121842267
Hemþirelik (Fakülte) (Ýngilizce) (%50 Ýndirimli),236141.6233,0.9717,0.0025,0.10310555774080722
  Hititoloji,23824.25,0.98,0.0023,0.5454998388544925
  Geleneksel Türk Sanatlarý (M.T.O.K.),58177.375,0.98,0.0023,1.6468655242069874
  Ýstatistik (KKTC Uyruklu),279747.285,0.98,0.0023,0.46124371256636704
Diþ Hekimliði (%50 Ýndirimli),39463.1833,0.9567,0.0022,0.09679656384975252
  Malzeme Bilimi ve Teknolojileri (Almanca),63894.1667,0.9817,0.0022,0.41500709682302744
Gemi Ýnþaatý ve Gemi Makineleri Mühendisliði (Ýngilizce) (Ücretli),68969.16,0.975,0.0019,0.28657151901103883
  Mekatronik Mühendisliði (M.T.O.K.) (ÝÖ) ,167148.3717,0.98,0.0019,0.03797911639707027
  Sosyal Hizmet (Uzaktan Öðretim),80727.466,0.984,0.0017,0.9161276145101938
  Sosyoloji (Ýngilizce) (%50 Ýndirimli) ,178189.7783,0.9733,0.0017,0.16472238275251097
  Uluslararasý Ýliþkiler (Ýngilizce) (Açýköðretim),231376.72,0.9133,0.0017,0.5886908909296265
  Bulgar Dili ve Edebiyatý (Bulgarca),35010.5,0.9833,0.0011,1.5951756227737497
  Fizik Öðretmenliði ,108187.4717,0.99,0.0008,0.3193349934283757
Coðrafya(ÝÖ),84002.5167,0.9883,0.0008,0.2783309141014294
Ýngilizce Mütercim ve Tercümanlýk (%25 Ýndirimli),16611.88,0.974,0.0007,0.2512011030675475
  Siyaset Bilimi ve Uluslararasý Ýliþkiler (Fransýzca) (%50 Ýndirimli),120966.0,0.99,0.0007,1.3357765139556514
  Mühendislik ve Doða Bilimleri Programlarý (Ýngilizce) (%50 Ýndirimli),45360.205,0.9867,0.0007,0.8484232736636915
Uluslararasý Giriþimcilik (%50 Ýndirimli),183392.6,0.99,0.0007,0.49724557617329185
Tekstil Mühendisliði(M.T.O.K.),110914.8967,0.8867,0.0006,0.40232800817430486
  El Sanatlarý,56729.0833,0.9917,0.0005,0.49909371283431825
  Rehberlik ve Psikolojik Danýþmanlýk (Ýngilizce) (%50 Ýndirimli),66712.5483,0.8917,0.0005,0.2802579855783888
  Ortez ve Protez (Ankara),204038.0,0.992,0.0004,0.7919164434375321
Endüstriyel Tasarým (Fakülte) (Ýngilizce) (%50 Ýndirimli),51687.1267,0.99,0.0004,0.9012212183341791
  Sinema ve Televizyon (Ýngilizce) (%50 Ýndirimli),78178.56,0.9933,0.0003,3.9532913262965033
  Odyoloji (Ankara),185837.75,0.9925,0.0003,0.10970213920029916
Hemþirelik(Fakülte)(Ýngilizce)(%50 Ýndirimli),130291.772,0.992,0.0003,0.2419363759055656
  Tarým Ekonomisi,223332.6483,0.9933,0.0003,0.09557331689743899
Ýngilizce Öðretmenliði (Ýngilizce) (%50 Ýndirimli),20953.6683,0.9917,0.0002,0.2102913718563027
  Hungaroloji,22865.8333,0.995,0.0002,1.1404063553039414
  Çaðdaþ Yunan Dili ve Edebiyatý,14781.2917,0.98,0.0002,0.4279231822014911
Reklamcýlýk (ÝÖ),76259.8417,0.9933,0.0002,0.4866869765731841
  Deniz Ulaþtýrma Ýþletme Mühendisliði (KKTC Uyruklu),102551.2367,0.995,0.0002,0.1270354090151451
Lojistik Yönetimi (Fakülte) (Ýngilizce),311989.15,0.9933,0.0002,0.5020359746139631
  Grafik Tasarýmý,197861.25,0.995,0.0002,0.13851753686339383
  Ortez ve Protez,202367.9,0.994,0.0002,0.23714913490618902
  Matematik (Fransýzca),12831.5,0.995,0.0002,0.18404191308268178
Ýlahiyat(ÝÖ),29724.5967,0.9967,0.0001,0.2613425050536181
  Alman Dili ve Edebiyatý (Almanca) (ÝÖ),14310.97,0.9967,0.0001,0.3046828197772
Ýstatistik (Ýngilizce),19551.8,0.996,0.0001,0.19526312973033888
  Adli Bilimler,88081.5,0.995,0.0001,0.4410580349279568
  Coðrafya (Ýngilizce),8206.4,0.996,0.0001,0.7552668716055397
  Leh Dili ve Edebiyatý (Lehçe),15699.0,0.996,0.0001,0.29928818738920504
  Maliye (Ýngilizce),139446.5,0.9967,0.0001,0.2918184077131119
  Bitkisel Üretim ve Teknolojileri (Ýngilizce) (%50 Ýndirimli),480179.7767,0.9967,0.0001,0.009357407196654571
Veterinerlik (Ýngilizce) (Burslu),61521.0,0.9967,0.0001,0.13969827995249862
  Moleküler Biyoteknoloji (Almanca),39381.25,0.9967,0.0001,0.12333993295400925
  Fotonik,122635.25,0.995,0.0001,0.5609313869066059
  Psikoloji (Ýngilizce),55444.055,0.995,0.0001,0.10131844007491933
  Ýþletme (Almanca)  ,15222.0,0.9967,0.0001,0.485298850243534
Uzay Bilimleri ve Teknolojileri (KKTC UYRUKLU),199836.1117,0.9967,0.0001,0.7722705415157654
  Politika ve Ekonomi (Ýngilizce),12858.3333,0.9967,0.0001,0.3773485401437936
  Saðlýk Yönetimi (Ankara),176391.25,0.995,0.0001,14.76532161438279
  Ýngiliz Dilbilimi (Ýngilizce),5165.1117,0.9967,0.0001,0.9571657503416048
  Sigortacýlýk ve Aktüerya Bilimleri,369687.5,0.995,0.0001,0.5713824437256566
Uçak Gövde ve Motor Bakýmý (Yüksekokul),76193.186,0.996,0.0001,0.29803213901178144
  Hemþirelik (Ankara),94401.625,0.995,0.0001,0.46942277799003274
  Adli Biliþim Mühendisliði (ÝÖ),151158.5,0.9983,0.0,0.21324040081904028
Ýlahiyat (Ýngilizce),2378.75,1.0,0.0,0.6535846153363307
Ýþ Saðlýðý ve Güvenliði (Yüksekokul) (ÝÖ),374340.75,1.0,0.0,
  Aile ve Tüketici Bilimleri,174258.0,1.0,0.0,0.9880640810506045
Kontrol ve Otomasyon Mühendisliði(KKTC Uyruklu),14159.3083,1.0,0.0,0.1339641033919859
Kurgu-Ses ve Görüntü Yönetimi(KKTC Uyruklu),70332.3,1.0,0.0,0.95887125505154
Hemþirelik (Yüksekokul) (Ýngilizce) (%50 Ýndirimli),269753.85,1.0,0.0,
"  Kurgu, Ses ve Görüntü Yönetimi (KKTC Uyruklu)",444043.75,1.0,0.0,1.8128780414685757
  Kore Dili ve Edebiyatý (Korece),3162.5,1.0,0.0,
  Klasik Arkeoloji,94455.1117,1.0,0.0,0.5677999482220834
  Kimya-Biyoloji Mühendisliði (Ýngilizce) (Ücretli),28762.0,1.0,0.0,
  Kimya Öðretmenliði (Ýngilizce) (KKTC Uyruklu),114963.625,1.0,0.0,0.541663612806722
  Havacýlýk Yönetimi (Ücretli),841055.3333,1.0,0.0,0.5005088026545632
  Halkla Ýliþkiler ve Tanýtým (Ýngilizce) (Burslu),2138.065,1.0,0.0,
Hemþirelik (ÝÖ),90277.1175,0.9975,0.0,0.06935924884078645
Çocuk Geliþimi (Ankara),149049.6667,1.0,0.0,0.167129873497573
  Bilgisayar Bilimleri,57303.0,0.9983,0.0,0.20037897839745933
  Beslenme ve Diyetetik (Ücretli),155080.185,0.9975,0.0,0.2522746718758227
  Batý Dilleri (Ýngiliz Dili ve Edebiyatý) ,49803.1667,1.0,0.0,0.351129344300545
  Görsel Ýletiþim Tasarýmý (Açýköðretim),11936.0,1.0,0.0,0.6142158114470531
  Görsel Sanatlar ve Ýletiþim Tasarýmý (Burslu),113012.8,1.0,0.0,1.23161178685696
  Görsel Sanatlar (Ücretli),1276884.0,0.2,0.0,
  Görsel Sanatlar (M.T.O.K.),313732.5,1.0,0.0,0.42420593088170494
  Grafik Tasarýmý (M.T.O.K.),329078.5833,1.0,0.0,0.4515789735404491
  Ýktisat (Fransýzca),701.0,1.0,0.0,0.20857948928841594
  Ýngilizce Öðretmenliði (Ýngilizce) (UOLP-SUNY New Paltz) (Ücretli),13679.75,1.0,0.0,0.3170768215613951
  Ýngilizce Öðretmenliði (Ýngilizce) (UOLP-SUNY New Paltz) (%50 Ýndirimli),23476.4283,1.0,0.0,1.1178562081120331
Uluslararasý Ýþletme Yönetimi (Ýngilizce) (UOLP-ABD North Carolina Üniversitesi (UNCW)) (Ücretli),244249.6667,1.0,0.0,0.6846463116533708
Uluslararasý Ulaþtýrma Sistemleri (Ýngilizce) (Burslu),107665.3333,1.0,0.0,0.30099553285288555
Uluslararasý Týp,5996.0,1.0,0.0,0.2755178005549339
Uluslararasý Ticaret(Fakülte)(%75 Ýndirimli),263112.585,1.0,0.0,
  Sermaye Piyasasý (Burslu),221865.768,0.998,0.0,0.811318328557272
  Sanat ve Sosyal Bilimler Programlarý (Ýngilizce) (%50 Ýndirimli),11675.2767,0.9983,0.0,1.5999879996561046
  Sanat Tarihi (Uzaktan Öðretim),3156.4,1.0,0.0,2.1316416312755715
  Ýspanyol Dili ve Edebiyatý (Ýspanyolca),5321.0833,0.9983,0.0,0.4196270735843198
  Ýslami Ýlimler (Arapça) (%50 Ýndirimli),60791.7783,0.9983,0.0,1.5403454477137835
Tekstil Tasarýmý (M.T.O.K.),666013.0,1.0,0.0,0.3739554706509892
Tarýmsal Yapýlar ve Sulama (KKTC UYRUKLU),593508.0,1.0,0.0,
Tarih (Ýngilizce),5705.4617,1.0,0.0,0.2533711164747151
Veterinerlik  ,72303.24,0.9983,0.0,0.0927054021180273
Uçak Gövde-Motor Bakým(Fakülte)(KKTC Uyruklu),84386.0,1.0,0.0,
Uçak Gövde ve Motor Bakýmý (Yüksekokul) (Ýngilizce) (%25 Ýndirimli),90846.674,1.0,0.0,0.2787889542358347
Sosyal ve Siyasal Bilimler(Burslu),405914.0,1.0,0.0,
  Þehir ve Bölge Planlama (KKTC Uyruklu),627089.75,1.0,0.0,0.6563294363936307
  Ýþletme (Ýngilizce) (UOLP-SUNY New Paltz) (%50 Ýndirimli),10080.8333,1.0,0.0,0.37432687111227075
  Ýþletme (Ýngilizce) (UOLP-SUNY Binghamton) (%50 Ýndirimli),7491.8333,1.0,0.0,0.19151137048825864
  Ýþletme (Fransýzca),308.0833,1.0,0.0,0.7215646672604125
  Ýþletme (Açýköðretim),47516.335,1.0,0.0,
  Ýç Mimarlýk ve Çevre Tasarýmý (Ýngilizce) (Burslu),618389.095,1.0,0.0,
  Ýstatistik ve Bilgisayar Bilimleri (Ýngilizce) (%50 Ýndirimli),377871.585,1.0,0.0,
Uluslararasý Ýþletmecilik ve Ticaret(Fakülte)(Ýngilizce)(%50 Ýndirimli),149849.465,1.0,0.0,
Sosyal Hizmet (Yüksekokul) (Burslu),243033.335,1.0,0.0,
Sosyal Hizmet (Ankara),171179.0,1.0,0.0,0.4061179752744173
  Ýç Mimarlýk (KKTC Uyruklu),561807.8667,1.0,0.0,2.7803604185541273
Basýn ve Yayýn,30487.3333,1.0,0.0,0.38935743988679095
Arapça Mütercim ve Tercümanlýk (Fakülte) (Burslu),45388.4575,1.0,0.0,2.8403010208442567
Aktüerya Bilimleri (KKTC Uyruklu),714949.3175,1.0,0.0,0.8930089056765096
Sýnýf Öðretmenliði (Burslu),56273.4917,0.9983,0.0,0.15360949323155257
Su Ürünleri Mühendisliði (KKTC Uyruklu),646366.0,1.0,0.0,
  Sümeroloji,24273.8333,1.0,0.0,2.1115772431559328
  Su Bilimleri ve Mühendisliði ,128406.5,0.9983,0.0,0.5428015694472098
  Finans ve Bankacýlýk (KKTC Uyruklu),777920.3333,1.0,0.0,0.24294359709173136
  Film Tasarýmý ve Yönetmenliði,7042.1667,1.0,0.0,0.36491307920744376
  Ýlahiyat (Arapça),24557.4283,1.0,0.0,1.2167449953101728
  Ergoterapi (KKTC Uyruklu),780562.5,1.0,0.0,0.5986588940695922
  Sosyoloji (Fransýzca),2689.5,1.0,0.0,0.2954655557476387
  Sosyal Hizmet (KKTC Uyruklu),1163209.5,1.0,0.0,0.1345552595051468
  Sosyal Bilgiler Öðretmenliði (Burslu),30492.6783,1.0,0.0,0.16020059102605835
  Siyaset Bilimi (Fransýzca),1738.6667,1.0,0.0,0.14680277033599737
  Siyasal Bilimler (Ücretli),533660.1667,1.0,0.0,0.012531111416713356
Uçak Gövde ve Motor Bakýmý (Fakülte) (KKTC Uyruklu),281868.0,1.0,0.0,4.132412394708335
"  Radyo, Televizyon ve Sinema (Uzaktan Öðretim)",28643.2,0.998,0.0,9.839141392471802
  Genetik ve Yaþam Bilimleri Programlarý (Ýngilizce) (Burslu),7544.5883,1.0,0.0,0.6732154321661917
  Gemi ve Deniz Teknolojisi Mühendisliði,42026.5,1.0,0.0,0.48626110832998665
Veterinerlik (Kiraz),68933.0,1.0,0.0,
Veterinerlik (Ereðli),100727.2,1.0,0.0,0.34826687837804265
Biyoloji (UOLP-Gence Devlet Üniversitesi) (Ücretli),421983.0,1.0,0.0,
  Fransýz Dili ve Edebiyatý (Fransýzca),8745.0983,0.9983,0.0,0.3951880620171737
  Fotoðraf ve Video,26378.1667,1.0,0.0,0.24721268999314078
  Psikoloji (ÝÖ),56617.75,1.0,0.0,4.99044871960231
  Pilotaj,968.25,1.0,0.0,0.0641496130288176
Yeni Medya (Yüksekokul),144098.5,1.0,0.0,
Bitki Koruma (KKTC UYRUKLU),228695.5,1.0,0.0,0.56750751790156
Biliþim Sistemleri ve Teknolojileri (Fakülte) (Ýngilizce) (%50 Ýndirimli),122383.085,1.0,0.0,
Beslenme ve Diyetetik (Yüksekokul) (Ýngilizce) (Burslu),116644.72,1.0,0.0,
Beslenme ve Diyetetik (Yüksekokul) (Ýngilizce) (%50 Ýndirimli),239267.5,1.0,0.0,
Eczacýlýk,29406.1167,1.0,0.0,0.07895441730890096
Ebelik(Yüksekokul)(Burslu),124655.28,1.0,0.0,
Ebelik (Fakülte) (Burslu),180566.36,1.0,0.0,
Diþ Hekimliði(UOLP-Saðlýk Bilimleri Üniversitesi)(T.C. Vatandaþlarý)(Burslu),37555.1383,1.0,0.0,0.12763300515641146
Saðlýk Yönetimi (Fakülte) (Ankara),249715.41,1.0,0.0,
Siyaset Bilimi ve Kamu Yönetimi (Ýngilizce) (UOLP-Suny Cortland) (Ücretli),364970.65,1.0,0.0,1.4050008007175845
Siyaset Bilimi (Fransýzca) (KKTC Uyruklu),112840.5,1.0,0.0,
Siber Güvenlik Mühendisliði (Ýngilizce),109536.0,1.0,0.0,
Diþ Hekimliði (Burslu) ,28474.835,1.0,0.0,
Diþ Hekimliði (Ankara) (Erkek) (Milli Savunma Bakanlýðý Adýna),26872.4433,1.0,0.0,0.28220746589957
Türkçe Öðretmenliði(Ücretli),13001.3633,0.9983,0.0,0.22773828749194916
  Uçak Bakým ve Onarým (Ücretli),156410.542,1.0,0.0,0.38264676450649426
  Tiyatro Eleþtirmenliði ve Dramaturji,30570.5,1.0,0.0,1.018062218504719
  Tarým Makineleri ve Teknolojileri Mühendisliði (Ýngilizce) (%50 Ýndirimli),348721.5,1.0,0.0,0.34178231546332566
  Tarým Ekonomisi (KKTC Uyruklu),686289.4,1.0,0.0,1.3637692738593035
  Ýtalyan Dili ve Edebiyatý (Ýtalyanca) (KKTC Uyruklu),52413.5,1.0,0.0,
Turizm Rehberliði (Fakülte) (Burslu),72865.35,1.0,0.0,
  Ebelik,153672.055,0.9975,0.0,0.04361676603802926
  Diþ Hekimliði,22227.8317,1.0,0.0,0.04953004166915656
  Dilbilimi,12017.9917,0.9983,0.0,0.21796879509935543
  Ýletiþim ve Tasarýmý (Burslu),43899.5,1.0,0.0,
  Taký Tasarýmý ve Ýmalatý,310524.0,1.0,0.0,0.3085336665218899
Diþ Hekimliði (Ankara),23416.5,1.0,0.0,0.06597077370460305
Dil ve Konuþma Terapisi (Yüksekokul) (Ücretli),135067.165,1.0,0.0,
Dijital Oyun Tasarýmý (KKTC Uyruklu),248037.335,1.0,0.0,
Coðrafya (Ýngilizce)KKTC Uyruklu,343409.89,1.0,0.0,2.7549598149621928
  Cevher Hazýrlama Mühendisliði,66094.0,1.0,0.0,1.0358104388349036
  Peyzaj Mimarlýðý (Ýngilizce) (Burslu),189854.6667,0.9983,0.0,1.6959518896992074
  Ortez ve Protez (Burslu),195450.1,1.0,0.0,0.34015407028429046
  Geleneksel Türk Sanatlarý (%50 Ýndirimli),769581.0,0.36,0.0,
Eczacýlýk (Ankara),39340.8333,1.0,0.0,0.1363312196788309
Felsefe(Ýngilizce)(Burslu),30649.5133,1.0,0.0,1.054848275793315
Ergoterapi (Yüksekokul) (Burslu),169588.5,1.0,0.0,
Ergoterapi (Fakülte) (Ankara),112501.545,1.0,0.0,
Enerji Sistemleri Mühendisliði (KKTC Uyruklu),165226.68,1.0,0.0,0.1562562944522351
Rekreasyon Yönetimi (Yüksekokul),200580.915,1.0,0.0,
Rekreasyon Yönetimi (M.T.O.K.),352063.3333,1.0,0.0,0.494208527282832
  Ergoterapi (Ankara),133187.75,0.9975,0.0,0.09053295444958805
  Enerji Yönetimi,143735.4,1.0,0.0,0.5068193506327606
Uluslararasý Ticaret ve Finansman (Yüksekokul),289811.04,1.0,0.0,
  Uluslararasý Giriþimcilik (Burslu),2123.3333,1.0,0.0,0.42485231222568803
  Film Tasarýmý ve Yazarlýðý,11644.3333,1.0,0.0,1.1800021897146082
  Felsefe (KKTC Uyruklu),584308.2,1.0,0.0,0.7967817549048891
  Rus ve Ýngiliz Dilleri ve Edebiyatlarý (Öðretmenlik) (Ücretli),73396.25,0.1,0.0,
  Rus Dili ve Edebiyatý (Rusça) (Uzaktan Öðretim),2791.0,1.0,0.0,0.6410374749908266
  Özel Eðitim Öðretmenliði (Ücretli),10851.16,1.0,0.0,0.1607869389281402
  Çocuk Geliþimi (ÝÖ),159679.7625,1.0,0.0,0.03575409455409239
  Çin Dili ve Edebiyatý (Çince),5021.8333,1.0,0.0,0.5097805747544515
  Çaðdaþ Yunan Dili ve Edebiyatý (KKTC Uyruklu),38779.4317,1.0,0.0,1.1312538005257047
Endüstriyel Tasarým (Fakülte) (KKTC Uyruklu),196977.235,1.0,0.0,
Endüstri Ürünleri Tasarýmý(Fakülte)(%50 Ýndirimli),159797.135,1.0,0.0,
Elektrik-Elektronik Mühendisliði (UOLP-Azerbaycan Teknik Üniversitesi) (Ücretli),83123.5,1.0,0.0,
  Metalurji ve Malzeme Mühendisliði (Ýngilizce) (Burslu),70422.6667,1.0,0.0,0.13231379918766661
  Mekatronik Mühendisliði (Almanca) (KKTC Uyruklu),230077.3333,1.0,0.0,0.42806209666904094
  Medya ve Görsel Sanatlar (Ýngilizce) (Ücretli),605.6667,1.0,0.0,0.4983544045817
  Bankacýlýk,145214.2,1.0,0.0,0.2872855067037486
Týp (Ankara),4123.8,1.0,0.0,3.626054629842663
Týp,8055.0283,1.0,0.0,0.0759554251447886
  Endüstri Mühendisliði (Almanca),38778.26,1.0,0.0,0.3272033442192988
  Emlak ve Emlak Yönetimi,334983.0,1.0,0.0,1.1244087149291968
  Yazýlým Geliþtirme (Ýngilizce) (Ücretli),81691.5,1.0,0.0,
  Uluslararasý Ýþletme Yönetimi (Almanca) (%50 Ýndirimli),49914.3333,1.0,0.0,0.9298259353061303
  Tapu Kadastro ,159097.4167,0.9983,0.0,0.26500451400470104
  Uzay ve Uydu Mühendisliði,95353.75,1.0,0.0,0.962182810192342
  Uluslararasý Ýþletme Yönetimi (Almanca) (UOLP- FH KIEL Uygulamalý Bilimler Üniversitesi) (Ücretli),218244.8333,1.0,0.0,0.29909745875620103
  Ziraat Mühendisliði Programlarý,187199.5833,1.0,0.0,0.787345821828259
  Yönetim Biliþim Sistemleri (Ýngilizce) (Burslu),134418.935,1.0,0.0,
  Yerel Yönetimler,128989.5,1.0,0.0,1.4107427447470728
  Yazýlým Mühendisliði (Ýngilizce) (UOLP-Sam Houston State) (Ücretli),58779.8333,1.0,0.0,0.22024270828416675
  Malzeme Bilimi ve Mühendisliði (Ýngilizce) (Burslu),91746.6667,1.0,0.0,0.06705998408692525
Fizyoterapi ve Rehabilitasyon (Yüksekokul) (Ýngilizce) (%50 Ýndirimli),270323.75,1.0,0.0,
Fizyoterapi ve Rehabilitasyon (Yüksekokul) (Ücretli),184734.335,1.0,0.0,
Gemi Makineleri Ýþletme Mühendisliði (KKTC UYRUKLU),56922.7,1.0,0.0,0.2160995066927812
Geleneksel Türk Sanatlarý (M.T.O.K.),154319.3333,1.0,0.0,7.235198770640722
Fransýzca Öðretmenliði(Fransýzca),15850.842,1.0,0.0,0.08362132308026403
  Bilim Tarihi,107244.0833,1.0,0.0,0.563277288240481
  Bilgisayar Mühendisliði (M.T.O.K.) (ÝÖ),172038.4,1.0,0.0,0.21341184708725455
  Bilgisayar Mühendisliði (Fransýzca),2505.0,1.0,0.0,0.9554597551387919
Psikoloji(ÝÖ),35701.91,1.0,0.0,0.15294047207802478
  Dil ve Konuþma Terapisi (KKTC Uyruklu),284042.3133,1.0,0.0,2.6392023523755537
  Maliye (KKTC Uyruklu),688915.0,1.0,0.0,1.007719412418643
  Kültür ve Ýletiþim Bilimleri,7678.4167,1.0,0.0,6.157032961568136
  Halkbilimi,41061.3333,1.0,0.0,2.495720421644107
Havacýlýk Elektrik ve Elektroniði (Yüksekokul) (Ücretli),249276.165,1.0,0.0,
Havacýlýk Elektrik ve Elektroniði (Yüksekokul) (%25 Ýndirimli),258914.89,1.0,0.0,0.48015941088217073
Perfüzyon (Fakülte) (Burslu),93330.5,1.0,0.0,
Pazarlama (Fakülte) (ÝÖ),408760.585,1.0,0.0,
Odyoloji (Ücretli),655216.585,1.0,0.0,
Odyoloji (%25 Ýndirimli),298157.5,1.0,0.0,
Pilotaj (Fakülte),351.5,1.0,0.0,
Pilotaj (Burslu),6236.8333,1.0,0.0,0.2118553068673367
Peyzaj Mimarlýðý (Ýngilizce)KKTC Uyruklu,593680.6667,1.0,0.0,0.8462513106430615
Perfüzyon (Yüksekokul) (Burslu),118472.5,1.0,0.0,
Gülhane Týp (Ankara) (Kýz) (Ýçiþleri Bakanlýðý Adýna),14212.0,1.0,0.0,0.8492294751358588
Gülhane Týp (Ankara) (Erkek) (Milli Savunma Bakanlýðý Adýna),21022.055,0.9983,0.0,0.2390095453582469
Grafik Tasarýmý (Ücretli),598847.6667,1.0,0.0,0.2114587770161353
Giriþimcilik (Ýngilizce) (Burslu),2343.1,1.0,0.0,0.2370463644296914
Giriþimcilik (Burslu),242326.3333,1.0,0.0,0.4846898940578038
Gerontoloji(Yüksekokul)(Burslu),93694.75,1.0,0.0,
Moda Tasarýmý (Fakülte) (M.T.O.K.),267229.835,1.0,0.0,
Kimya-Biyoloji Mühendisliði (Ýngilizce) (Ücretli),101699.866,1.0,0.0,3.2278290672053966
Hukuk (ÝÖ),16539.566,1.0,0.0,0.5033322894477654
Hukuk (Çarþamba),7063.5,1.0,0.0,
Hukuk (UOLP-Hamburg Üniversitesi) (Ücretli),214.8333,1.0,0.0,0.8490353937419711
Hukuk (Fransýzca),6.3333,1.0,0.0,1.8386815928811602
Hukuk,6723.245,0.9983,0.0,0.24976218388864152
Hemþirelik(Fakülte)(Ücretli),111270.21,1.0,0.0,
  Grafik,130034.3,1.0,0.0,0.4259950923476427
Muhasebe ve Finans Yönetimi (Ýngilizce) (Burslu),617547.0,1.0,0.0,2.6820487308540906
Moda ve Tekstil Tasarýmý(Burslu),233988.5,1.0,0.0,
  Uluslararasý Giriþimcilik (%50 Ýndirimli),134254.0,1.0,0.0,
  Uluslararasý Finans ve Bankacýlýk (Ýngilizce) (Ücretli),589426.6675,1.0,0.0,1.163925697121216
  Türkoloji  ,153084.3333,1.0,0.0,2.034372390286605
  Türk Ýslam Arkeolojisi,431424.25,1.0,0.0,0.20471521495660233
  Turizm Ýþletmeciliði (Burslu),599050.755,1.0,0.0,
Uluslararasý Ticaret ve Ýþletmecilik (Yüksekokul) (%50 Ýndirimli),332558.75,1.0,0.0,
  Felsefe (Fransýzca),2839.6667,1.0,0.0,1.9917640649479877
Uluslararasý Ekonomik Ýliþkiler (%50 Ýndirimli),724019.75,1.0,0.0,0.5755031561969627
Týp(Ýngilizce)(UOLP-Marmara Üniversitesi)(T.C. Vatandaþlarý)(Burslu),20173.0283,1.0,0.0,0.4092561902913628
Hemþirelik (Fakülte) (Ücretli),150881.605,1.0,0.0,
Havacýlýk ve Uzay Mühendisliði (KKTC Uyruklu),53940.3117,1.0,0.0,0.21626744232192543
Havacýlýk Yönetimi(Yüksekokul)(%50 Ýndirimli),191062.19,1.0,0.0,
Kültür ve Ýletiþim Bilimleri (KKTC UYRUKLU),142922.1667,1.0,0.0,150.09861170660218
Ýletiþim Tasarýmý ve Yönetimi(Burslu),44112.8517,1.0,0.0,1.0291327662218879
  Astronomi ve Uzay Bilimleri (KKTC Uyruklu),862327.1667,1.0,0.0,0.5476591367705521
  Arkeoloji ve Sanat Tarihi (Ýngilizce) (%50 Ýndirimli),1199.3333,1.0,0.0,1.106592477141126
Nanobilim ve Nanoteknoloji (KKTC Uyruklu),659204.0,1.0,0.0,
Müzecilik (KKTC UYRUKLU),576059.8333,1.0,0.0,0.1971027341818606
Ýþ Saðlýðý ve Güvenliði (Yüksekokul) (KKTC Uyruklu),453762.0,1.0,0.0,
Hemþirelik (Yüksekokul) (Burslu) ,193017.81,1.0,0.0,
Matematik Öðretmenliði (Ýngilizce) (KKTC Uyruklu),30774.5417,1.0,0.0,1.3834504698835417
Makine Mühendisliði (Almanca),26229.4,1.0,0.0,0.3234986210710224
Lojistik Yönetimi(Fakülte)(Ýngilizce)(%50 Ýndirimli),262034.77,1.0,0.0,
Özel Eðitim Öðretmenliði (KKTC Uyruklu),91912.0,1.0,0.0,4.422007769075554
  Antrenörlük Eðitimi (ÝÖ),231409.516,0.966,-0.0001,0.586471913007602
  Ýstatistik,186129.5583,0.9717,-0.0001,0.07760090328755347
  Ekonomi ve Finans (Ýngilizce) (%50 Ýndirimli),224308.4417,0.915,-0.0003,0.5011822320356901
Elektrik-Elektronik Mühendisliði (M.T.O.K.) (ÝÖ),107847.7067,0.895,-0.0008,0.17656782802369184
Kimya(Ýngilizce)(Burslu),89122.0,0.9817,-0.0008,0.3228233684456927
Elektrik-Elektronik Mühendisliði (Ýngilizce)KKTC Uyruklu,65718.366,0.922,-0.0009,0.2593567777467743
Uluslararasý Finans ve Bankacýlýk (Ýngilizce) (%50 Ýndirimli),257214.41,0.91,-0.001,1.1371990310966043
Endüstriyel Tasarým(Burslu),141306.35,0.932,-0.0014,0.3913486977774114
Kimya Mühendisliði (Ýngilizce) (KKTC Uyruklu),61574.2267,0.965,-0.0015,0.1422820868139471
  Amerikan Kültürü ve Edebiyatý (Ýngilizce) (%50 Ýndirimli),19919.2267,0.9567,-0.0017,0.44080437146380747
Ýngilizce Öðretmenliði(Ýngilizce),10715.67,0.9883,-0.0018,0.5242352068385925
  Mühendislik Programlarý (Ýngilizce) (%25 Ýndirimli),30019.125,0.9933,-0.0019,0.27195483246172797
Okul Öncesi Öðretmenliði (Ýngilizce),15445.4367,0.9883,-0.0019,0.5483633138694711
  Yapay Zeka ve Veri Mühendisliði (Ýngilizce) (KKTC Uyruklu),14841.22,0.9967,-0.002,2.231514345670162
Dil ve Konuþma Terapisi (Fakülte) (KKTC Uyruklu),102078.5067,0.975,-0.0021,0.37231877905886634
Halkla Ýliþkiler ve Tanýtým(Açýköðretim),137407.565,0.95,-0.0022,0.2477175074119041
  Ýstatistik ve Bilgisayar Bilimleri (KKTC Uyruklu),216997.245,0.9783,-0.0025,0.5239608740200782
  Moleküler Biyoloji ve Genetik (Ýngilizce) (%50 Ýndirimli),111934.9883,0.975,-0.0026,0.44022689991005226
  Görsel Ýletiþim Tasarýmý (Ýngilizce) (Ücretli),200300.9583,0.9317,-0.0026,1.1404794099302165
Arapça Mütercim ve Tercümanlýk (Yüksekokul) (Burslu),11949.478,0.914,-0.0028,0.19693582570760396
  Rehberlik ve Psikolojik Danýþmanlýk (%50 Ýndirimli),79393.585,0.9533,-0.003,0.126987272858874
Gastronomi ve Mutfak Sanatlarý(Fakülte)(Ýngilizce)(Ücretli),71686.9633,0.975,-0.0032,0.40058215619172644
Bilgisayar Mühendisliði(Ýngilizce),78120.4867,0.975,-0.0033,0.14365587201994892
  Ergoterapi,143616.625,0.995,-0.0033,0.24314571778589064
Ýngiliz Dili ve Edebiyatý (Ýngilizce) (Uzaktan Öðretim),19503.8833,0.975,-0.0034,0.13697551833163935
Eczacýlýk (Ýngilizce) (Ücretli),49739.115,0.9517,-0.0035,0.1062721724666622
Yönetim Biliþim Sistemleri (Fakülte) (%50 Ýndirimli),164533.9983,0.98,-0.0036,0.11929680855630334
Beslenme ve Diyetetik (Fakülte) (Ýngilizce) (Burslu),191417.8883,0.94,-0.0036,0.34948742781972053
"  Radyo, Televizyon ve Sinema (Ücretli)",95486.012,0.95,-0.0037,0.3066839611487317
Arapça Öðretmenliði (Burslu),13698.4283,0.99,-0.0039,0.1906000594310018
Karþýlaþtýrmalý Edebiyat(ÝÖ),16212.75,0.9917,-0.0039,0.4668814475345336
Dijital Oyun Tasarýmý (Ýngilizce) (%50 Ýndirimli),145368.345,0.96,-0.0044,0.45243018404202745
"  Radyo, Televizyon ve Sinema (Ýngilizce) (%50 Ýndirimli)",239075.186,0.81,-0.0044,0.36511460993859957
  Biyomedikal Mühendisliði (Ücretli),148962.7133,0.7433,-0.0047,0.1439112643872212
  Antropoloji (Ýngilizce) (Burslu),115211.915,0.9717,-0.0051,0.7884212010576745
Ýngiliz Dili ve Karþýlaþtýrmalý Edebiyat(Ýngilizce)(Burslu),3749.2833,0.9733,-0.0054,0.412057532462693
  Sosyoloji  (Burslu),75910.74,0.9833,-0.0054,0.38138485883087103
Matematik (Ýngilizce) (Burslu),95921.735,0.9817,-0.0055,0.1315814658351844
  Yeni Medya ve Ýletiþim (Burslu),121380.5117,0.93,-0.0057,2.589088137720396
Ýnsan Kaynaklarý Yönetimi (Fakülte) (Ýngilizce) (Burslu),483405.1667,0.7,-0.0059,2.585558932660818
Bilgisayar Teknolojisi ve Biliþim Sistemleri(Yüksekokul),213922.25,0.9883,-0.0059,0.2639747560087051
  Tarýmsal Genetik Mühendisliði (Ýngilizce),149504.3333,0.995,-0.006,1.3222483854495464
  Otel Yöneticiliði (Ýngilizce) (Burslu),157633.2917,0.925,-0.0067,18.67041740813932
  Ergoterapi (Burslu) ,189141.5325,0.92,-0.0067,0.20383224127885136
Ýç Mimarlýk (ÝÖ),238759.75,0.995,-0.0067,0.1366514447291967
  Matematik (ÝÖ),141997.0,0.995,-0.0067,1.3963222027120084
  Endüstri Mühendisliði (Ýngilizce) (%50 Ýndirimli),82494.1067,0.9433,-0.0068,0.18022156473978454
  Ýç Mimarlýk ve Çevre Tasarýmý (Ýngilizce) (Ücretli),206039.475,0.9733,-0.007,1.592327164096536
  Bilgisayar Mühendisliði (Ýngilizce) (%50 Ýndirimli),63810.635,0.96,-0.0072,0.1603590525468481
Fizyoterapi ve Rehabilitasyon(Fakülte)(Ýngilizce)(Burslu),199822.6767,0.97,-0.0073,0.30023321491449956
Ýþletme(Ýngilizce)(Ücretli),96573.095,0.98,-0.0073,0.14328992183075176
  Mekatronik Mühendisliði (%50 Ýndirimli),89961.4367,0.9717,-0.0074,0.3468491729586849
Çeviribilimi (Ýngilizce) (Burslu),3135.7783,0.9817,-0.0075,3.097439005733815
  Makine Mühendisliði (Ýngilizce) (%50 Ýndirimli),84261.345,0.91,-0.0078,0.26124899897533227
Ýlköðretim Matematik Öðretmenliði (%50 Ýndirimli),67137.7033,0.9833,-0.008,0.10030510681850173
Uluslararasý Ticaret ve Lojistik Yönetimi(Fakülte)(Ýngilizce)(Burslu),162081.9533,0.9417,-0.0081,0.6183644228402569
Sinema ve Televizyon (Ücretli),51219.9233,0.9567,-0.0084,0.8720248126636451
  Ýç Mimarlýk ve Çevre Tasarýmý (Ücretli),185235.7317,0.97,-0.0086,0.3453202719760092
  Ýslami Ýlimler (Arapça) (Burslu),56038.9717,0.945,-0.009,0.6630116288609968
  Hemþirelik (Burslu) ,140873.66,0.975,-0.009,0.0983239750217644
Yazýlým Geliþtirme (Ýngilizce) (Burslu),133834.655,0.9567,-0.0091,1.7687427876428565
Gastronomi ve Mutfak Sanatlarý (Fakülte) (Ýngilizce) (Ücretli),38218.694,0.966,-0.0093,4.308670961903316
Ýstanbul Týp (Ýngilizce) (KKTC Uyruklu),179005.624,0.968,-0.0095,0.4417454201659126
  Ýslami Ýlimler (Burslu),1118.5,0.9783,-0.0095,4.440822344445794
Yazýlým Mühendisliði(M.T.O.K.),79107.4267,0.9783,-0.0098,0.21869298992949482
  Medya ve Görsel Sanatlar (Ýngilizce) (Burslu),6058.8333,0.9917,-0.01,5.1491077078917895
Turizm Rehberliði (Ermenek),69497.5,0.995,-0.01,
Yönetim Biliþim Sistemleri (Yüksekokul) (Ýngilizce) (%50 Ýndirimli),185016.565,0.995,-0.01,
  Endüstriyel Tasarým (Ýngilizce) (Ücretli),147659.138,0.962,-0.0108,0.29630381890267227
  Ýnþaat Mühendisliði (Ýngilizce) (%50 Ýndirimli),100800.9017,0.9067,-0.0114,0.23272267647326167
  Turizm Ýþletmeciliði (KKTC Uyruklu),196373.5825,0.9525,-0.0118,7.906137141898753
Elektronik Ticaret ve Teknoloji Yönetimi(Ýngilizce)(Burslu),133026.75,0.98,-0.012,19.27916730230891
Diþ Hekimliði (Ýngilizce) (Ücretli),28970.7533,0.9283,-0.0121,0.08576993306214005
  Rus Dili ve Edebiyatý (Rusça) (Burslu),15658.6567,0.9833,-0.0122,0.8853367767318842
Grafik Tasarým(Ýngilizce)(Burslu),160984.085,0.92,-0.0123,0.8702441815910028
Mimarlýk (Ýngilizce) (Ücretli),81155.8,0.912,-0.0123,0.3828155374773381
  Çizgi Film ve Animasyon (Burslu),71488.0217,0.9567,-0.0124,18.67310303811149
  Özel Eðitim Öðretmenliði (Ýngilizce) (Burslu),19182.4,0.952,-0.0124,29.392892088150376
Havacýlýk ve Uzay Mühendisliði(Ýngilizce)(%75 Ýndirimli),51603.2767,0.9633,-0.0125,0.9671848744612581
Beslenme ve Diyetetik(Fakülte)(%25 Ýndirimli),190927.152,0.946,-0.0127,0.2814372907769018
Diþ Hekimliði (Ücretli),36739.2667,0.9483,-0.0128,0.1692855930410722
Pazarlama(Fakülte)(Ýngilizce)(%75 Ýndirimli),313870.362,0.942,-0.0129,0.9971979131000582
  Yazýlým Mühendisliði (Burslu),94090.4083,0.9417,-0.0132,0.3885656960540212
Endüstri Mühendisliði(Ýngilizce)(ÝÖ),99057.3367,0.9667,-0.0139,0.16984863400694408
Malzeme Bilimi ve Nanoteknoloji Mühendisliði (Ýngilizce) (%50 Ýndirimli),56455.975,0.9733,-0.0139,0.2780569496193267
  Hukuk (Burslu),16114.8467,0.9767,-0.014,0.22635587228605744
Görsel Sanatlar ve Görsel Ýletiþim Tasarýmý(Ýngilizce)(Burslu),50636.7433,0.955,-0.0153,0.441406752631893
  Sigortacýlýk,342190.44,0.906,-0.0154,0.2867545436388807
Halkla Ýliþkiler ve Reklamcýlýk(Fakülte)(Ýngilizce)(Burslu),162505.0767,0.9133,-0.0155,0.38618313987528513
Televizyon Haberciliði ve Programcýlýðý (Fakülte) (Ýngilizce) (Burslu),75308.695,0.9017,-0.0161,0.7695919968963856
Dijital Oyun Tasarýmý (Ücretli),121247.6933,0.975,-0.0162,1.2992073392862762
Tarým Ekonomisi (Ýngilizce) (%50 Ýndirimli),343882.585,0.9725,-0.0165,0.9054422235187654
  Görsel Ýletiþim Tasarýmý (Ücretli),97119.53,0.9383,-0.0172,0.5544315124941187
Gümrük Ýþletme(Burslu),186254.83,0.9533,-0.0176,0.1720187452180221
Genetik ve Biyomühendislik(Ýngilizce)(%75 Ýndirimli),49095.5417,0.9633,-0.0184,0.26443543146754345
Fizyoterapi ve Rehabilitasyon (Fakülte) (Ýngilizce) (%50 Ýndirimli),204961.6217,0.935,-0.0193,0.3786393556575693
Gazetecilik (Burslu),108486.872,0.93,-0.0193,1.0773526890433376
Medya ve Ýletiþim(Fakülte)(Ýngilizce)(Burslu),42277.5533,0.9383,-0.0194,8.415277079340076
  Hemþirelik (Ýngilizce) (Ücretli),123589.0025,0.965,-0.0194,0.04699936128189602
Endüstriyel Tasarým (Yüksekokul),234703.12,0.964,-0.0194,0.44009074373425844
Týp (Burslu),9190.4633,0.9633,-0.02,0.13918941445424257
  Kanatlý Hayvan Yetiþtiriciliði,317453.75,0.985,-0.02,15.032888776404251
Spor Yöneticiliði (Fakülte) (Burslu),234357.295,0.99,-0.02,
  Ekonometri (ÝÖ),370806.0,0.99,-0.02,
"  Ýngilizce, Fransýzca Mütercim ve Tercümanlýk (Burslu)",1697.625,0.985,-0.02,44.45339481585705
Sosyal Hizmet (Fakülte) (Ücretli),197948.235,0.99,-0.02,
Çocuk Geliþimi (Yüksekokul) (Ücretli),188774.725,0.99,-0.02,
  Medya ve Ýletiþim (Burslu),17610.434,0.928,-0.0205,12.193535809347033
Ýletiþim ve Tasarýmý (Ücretli),106897.86,0.9217,-0.0208,104.69873788822096
  Reklamcýlýk (Burslu),37316.43,0.9617,-0.0217,0.15111389551604076
Ýletiþim Bilimleri (Burslu),20705.7483,0.965,-0.0222,0.9037455765146513
  Ekonomi ve Finans (KKTC Uyruklu),415981.134,0.962,-0.0222,1.0781571814741047
Dil ve Konuþma Terapisi (Fakülte) (Ýngilizce) (%50 Ýndirimli),59996.89,0.97,-0.0226,0.2154265672544258
  Ýktisat (Burslu) ,161909.6833,0.955,-0.0229,0.3611280016251563
  Ýstatistik (Burslu),142826.8333,0.9567,-0.0233,0.2487145700302347
Ýç Mimarlýk (Burslu),136572.1883,0.94,-0.0244,0.22510158592047858
  Bilim Tarihi (Burslu),202864.0,0.9717,-0.0247,0.8811362592480764
  Coðrafya (ÝÖ),208334.408,0.904,-0.0255,0.22239701952427854
  Sigortacýlýk (Burslu),246270.5,0.9075,-0.0256,0.23828145365974734
Saðlýk Yönetimi (Ýngilizce) (Burslu),258920.542,0.94,-0.0258,1.3109937932195852
Sanat ve Kültür Yönetimi(Ýngilizce)(%75 Ýndirimli),2259.555,0.94,-0.0268,0.37777196620813913
"  Radyo, Televizyon ve Sinema (Ýngilizce) (Ücretli)",185347.406,0.896,-0.0271,0.2652846639823654
Halkla Ýliþkiler ve Reklamcýlýk (Fakülte) (Ýngilizce) (%50 Ýndirimli),141112.3917,0.9017,-0.0271,0.9763249980268327
Felsefe(Ýngilizce)(KKTC Uyruklu),57812.416,0.978,-0.0275,4.78324776249012
  Sinema ve Dijital Medya (Ýngilizce) (%50 Ýndirimli),28218.5,0.9567,-0.0287,6.757612317582697
  Gemi ve Yat Tasarýmý (Burslu),142836.5833,0.965,-0.0291,0.5434214611229917
  Çince Mütercim ve Tercümanlýk (Burslu),5571.0,0.948,-0.0292,0.18950574863346675
Çocuk Geliþimi (Fakülte) (Ücretli),148462.43,0.985,-0.03,
Beslenme ve Diyetetik (Yüksekokul) (%25 Ýndirimli),199518.03,0.985,-0.03,
Siyasal Bilimler (Burslu),75230.3333,0.975,-0.03,2.037012755032232
Ýlköðretim Matematik Öðretmenliði (Ýngilizce) (Burslu),62811.366,0.962,-0.0362,0.14167026420641657
  Tarih (Burslu),53614.5767,0.905,-0.0382,1.1179719439199636
Sosyal Hizmet (Ücretli),333823.14,0.8733,-0.0394,1.1944101137485144
  Matematik (Burslu),130489.5,0.945,-0.0396,0.09919073317156249
  Reklamcýlýk (Ýngilizce) (Burslu),2323.2783,0.9483,-0.0399,0.4127004931775857
Yeni Medya ve Ýletiþim (KKTC Uyruklu),316063.035,0.98,-0.04,
Gastronomi(Yüksekokul)(Ýngilizce)(%75 Ýndirimli),212892.8,0.98,-0.04,
  Yapay Zeka Mühendisliði (Burslu),64139.0,0.9567,-0.0408,2.2993004977912124
Sosyoloji (Burslu),202107.552,0.924,-0.0431,0.08911888421332073
  Felsefe (Burslu),159195.75,0.9267,-0.0455,0.8439819676515242
  Uluslararasý Ticaret (%50 Ýndirimli),279742.614,0.934,-0.0463,0.8418045274588738
Enerji Yönetimi (Burslu),130856.75,0.965,-0.0467,0.6085913288031048
  Perfüzyon (Burslu),163440.375,0.945,-0.052,0.31529719715896937
  Muhasebe ve Finans Yönetimi (Ýngilizce) (Burslu),399185.0,0.8125,-0.0591,0.9547109967326389
Yeni Medya (Fakülte) (Ýngilizce) (%50 Ýndirimli),199101.425,0.9525,-0.0633,9.733861810396174
Ýletiþim Sanatlarý (Burslu),41961.1,0.922,-0.067,1.192880885633362
  Ekonomi (Burslu),241929.0,0.9533,-0.07,0.6167734630827724
  Yeni Medya (Burslu),8894.5,0.88,-0.0744,3.732934462016442
Hemþirelik (Yüksekokul) (Ýngilizce) (Ücretli),104713.29,0.96,-0.08,
Medya ve Görsel Sanatlar (Ýngilizce) (%50 Ýndirimli),262561.334,0.934,-0.0825,8.154189732287879
  Saðlýk Yönetimi (Ýngilizce) (Ücretli),1649663.5,0.095,-0.1,
Lojistik Yönetimi(Yüksekokul)(KKTC Uyruklu),346497.59,0.95,-0.1,
Gastronomi ve Mutfak Sanatlarý (Yüksekokul) (Ýngilizce) (Ücretli),109019.15,0.945,-0.11,
Elektrik-Elektronik Mühendisliði (Ýngilizce-Fransýzca) (UOLP-ECAM-Lyon) (%50 Ýndirimli),92936.8333,0.7967,-0.1379,0.9961860658129078
Ýlköðretim Matematik Öðretmenliði (Ýngilizce) (%50 Ýndirimli),115796.6,0.844,-0.1664,0.30570793037776556
  Bilgisayar Mühendisliði (Uzaktan Öðretim) (Ücretli) ,79627.375,0.6925,-0.1691,1.0755048844297848
Grafik (Burslu),244750.5,0.915,-0.17,
Muhasebe ve Finans Yönetimi (Yüksekokul) (Ýngilizce) (Burslu),237036.325,0.915,-0.17,
Turizm Rehberliði (Yüksekokul) (%50 Ýndirimli),30182.5,0.915,-0.17,
Uluslararasý Ticaret ve Ýþletmecilik (Fakülte) (Ýngilizce) (Ücretli),316772.465,0.915,-0.17,
Spor Yöneticiliði (Yüksekokul) (Burslu),298980.215,0.91,-0.18,
Turizm Ýþletmeciliði (Yüksekokul),206435.0,0.905,-0.19,
Biyoenformatik ve Genetik (Ýngilizce) (%50 Ýndirimli),109924.1667,0.8733,-0.19,0.6912433089368879
Saðlýk Yönetimi (Yüksekokul) (%50 Ýndirimli),355603.89,0.895,-0.21,
Turizm Rehberliði (Yüksekokul) (Ýngilizce) (%50 Ýndirimli),20818.0,0.89,-0.22,
Gastronomi ve Mutfak Sanatlarý (Yüksekokul) (Ýngilizce) (%50 Ýndirimli),130552.35,0.885,-0.23,
Havacýlýk Yönetimi (Fakülte) (%50 Ýndirimli),303886.57,0.88,-0.24,
Turizm Ýþletmeciliði (Yüksekokul) (Ýngilizce) (Burslu),215902.55,0.85,-0.3,
  Kamu Yönetimi (Ýngilizce) (Ücretli),698141.4433,0.6767,-0.3675,11.273660742264102
Tekstil ve Moda Tasarýmý (Yüksekokul),236816.5,0.805,-0.39,
Çocuk Geliþimi (Yüksekokul) (Ýngilizce) (%50 Ýndirimli),302855.665,0.8,-0.4,
Acil Yardým ve Afet Yönetimi (Fakülte) (Ýngilizce) (Burslu),960092.6667,0.2867,-0.4754,0.5173219892973172
Gazetecilik (Ücretli),929502.5,0.61,-0.78,
Sosyal Hizmet(Yüksekokul)(Ýngilizce)(Burslu),406769.2,0.6,-0.8,
  Acil Yardým ve Afet Yönetimi (Ýngilizce) (Burslu),604734.5,0.5,,
  Almanca Öðretmenliði (Almanca),51733.52,0.97,,
  Arap Dili ve Edebiyatý (ÝÖ),23701.61,0.97,,
  Arkeoloji (Ýngilizce) (Burslu),47064.0,1.0,,
  Bahçe Bitkileri (Ýngilizce) (%50 Ýndirimli),838312.0,0.8,,
  Bahçe Bitkileri (Ýngilizce) (Burslu),461378.5,1.0,,
  Biliþim Sistemleri Mühendisliði (M.T.O.K.),130683.44,1.0,,
  Biyoloji Öðretmenliði (KKTC Uyruklu),176200.0,0.5,,
  Biyomedikal Mühendisliði (M.T.O.K.),164291.75,1.0,,
  Coðrafya (KKTC Uyruklu),289817.0,1.0,,
  Coðrafya Öðretmenliði,16342.14,1.0,,
  Dijital Oyun Tasarýmý (Ücretli),372082.0,1.0,,
  Ebelik (Ankara),114408.0,1.0,,
  Ebelik (Burslu),190887.28,1.0,,
  Ekonomi,276583.0,1.0,,
  Elektronik Ticaret ve Yönetimi,654054.0,1.0,,
  Ergoterapi (Ýngilizce) (Ücretli),858141.0,0.1,,
  Finans ve Bankacýlýk (Burslu),394794.97,1.0,,
  Fotonik (Ýngilizce),80434.0,1.0,,
  Gazetecilik (%25 Ýndirimli),807641.0,0.62,,
  Gazetecilik (Burslu),304323.06,0.9,,
  Gazetecilik (Ücretli),469054.0,0.82,,
  Gazetecilik (Ýngilizce) (Burslu),158432.79,0.97,,
  Gemi ve Yat Tasarýmý (%25 Ýndirimli),280036.0,1.0,,
  Hemþirelik (ÝÖ),169034.67,1.0,,
  Kamu Yönetimi (Açýköðretim),371883.05,1.0,,
  Kimya Mühendisliði (Burslu),91365.22,0.95,,
  Lojistik Yönetimi (Burslu),252019.29,1.0,,
  Malzeme Bilimi ve Nanoteknoloji Mühendisliði (Ýngilizce) (%50 Ýndirimli),101279.0,1.0,,
  Matematik (Uzaktan Öðretim),28880.0,1.0,,
  Metalurji ve Malzeme Mühendisliði (%50 Ýndirimli),270987.0,0.12,,
  Odyoloji,171916.17,1.0,,
  Rekreasyon (ÝÖ),331516.0,1.0,,
  Rekreasyon Yönetimi,180816.0,0.99,,
  Rekreasyon Yönetimi (M.T.O.K.),354281.0,1.0,,
  Sanat Tarihi (KKTC Uyruklu),455687.0,1.0,,
  Sanat Tarihi (ÝÖ),127419.2,0.85,,
  Sinema ve Televizyon (Burslu),28065.0,1.0,,
  Sinoloji,4827.0,1.0,,
  Sosyal Hizmet (Ücretli),384834.67,0.99,,
  Sýnýf Öðretmenliði (Ýngilizce) (Burslu),68541.4,1.0,,
  Tarih  ,240320.0,1.0,,
  Tarih Öðretmenliði,46235.17,1.0,,
  Tarým Ekonomisi (Ýngilizce) (%50 Ýndirimli),345371.0,1.0,,
  Tekstil Tasarýmý (M.T.O.K.),561229.5,1.0,,
  Turizm Rehberliði (Ýngilizce) (Ücretli),72132.0,1.0,,
  Týp,5662.5,1.0,,
  Uluslararasý Finans ve Bankacýlýk  (%50 Ýndirimli),439907.0,1.0,,
  Yazýlým Mühendisliði (%25 Ýndirimli),111022.0,0.59,,
  Çizgi Film ve Animasyon (%50 Ýndirimli),131208.6,1.0,,
  Ýktisat  ,580083.5,1.0,,
  Ýlahiyat (Arapça) (M.T.O.K.) ,198939.83,1.0,,
  Ýletiþim ve Tasarýmý (Ücretli),344196.8,1.0,,
  Ýlköðretim Matematik Öðretmenliði (Ýngilizce) (%50 Ýndirimli),59497.38,0.97,,
  Ýngiliz Dili ve Edebiyatý (Ýngilizce) (Uzaktan Öðretim),3530.0,1.0,,
  Ýslam Bilimleri  ,938067.0,1.0,,
  Ýç Mimarlýk (ÝÖ),160162.89,1.0,,
  Ýþ Saðlýðý ve Güvenliði,379612.56,1.0,,
Acil Yardým ve Afet Yönetimi (Ýngilizce) (%50 Ýndirimli),1258835.0,0.18,,
Aktüerya Bilimleri (Fakülte),297431.0,1.0,,
Aktüerya Bilimleri (Fakülte) (Uzaktan Öðretim),203185.0,0.69,,
Aktüerya Bilimleri (Yüksekokul) (KKTC Uyruklu),277253.5,0.75,,
Aktüerya(Yüksekokul),215753.0,1.0,,
Antrenörlük Eðitimi (%50 Ýndirimli),418952.0,1.0,,
Antrenörlük Eðitimi (Fakülte) (Burslu),267880.0,0.93,,
Astronomi ve Astrofizik,235819.0,1.0,,
Avrupa Birliði Ýliþkileri(Ýngilizce)(%75 Ýndirimli),60376.0,1.0,,
Bankacýlýk ve Finans(Fakülte)(Ýngilizce),289256.15,1.0,,
Bankacýlýk ve Finans(Fakülte)(Ýngilizce)(Burslu),167408.0,1.0,,
Bankacýlýk ve Finans(Yüksekokul)(Burslu),336532.91,1.0,,
Bankacýlýk(Fakülte)(ÝÖ),436129.5,1.0,,
Basýn ve Yayýn (Ücretli),707668.0,0.27,,
Beden Eðitimi ve Spor Öðretmenliði (Yüksekokul) (Burslu),199976.67,0.19,,
Bilgi Güvenliði Teknolojisi (Yüksekokul) (Ýngilizce) (%50 Ýndirimli),399190.5,0.52,,
Bilgi Güvenliði Teknolojisi (Ýngilizce),111826.33,1.0,,
Bilgisayar Teknolojisi ve Biliþim Sistemleri(Yüksekokul)(Ýngilizce)(%50 Ýndirimli),178952.75,1.0,,
Bilgisayar ve Yazýlým Mühendisliði(Ýngilizce)(Burslu),54460.0,1.0,,
Bilgisayar-Enformatik(Ýngilizce)(Burslu),324408.0,1.0,,
Bilim Tarihi (%50 Ýndirimli),1258969.0,0.43,,
Bilim Tarihi (Ücretli),1416215.5,0.67,,
Biliþim Sistemleri ve Teknolojileri (Yüksekokul) (%50 Ýndirimli),380247.5,0.67,,
Biliþim Sistemleri ve Teknolojileri (Yüksekokul) (Burslu),333184.0,1.0,,
Biyomühendislik(Ýngilizce)(Burslu),73914.0,1.0,,
Biyoteknoloji ve Moleküler Biyoloji,326511.0,1.0,,
Canlandýrma Filmi Tasarým ve Yönetimi(KKTC Uyruklu),143903.5,1.0,,
Cerrahpaþa Týp,110.0,1.0,,
Cerrahpaþa Týp (Ýngilizce),126.0,1.0,,
Deniz Bilimleri ve Teknolojisi Mühendisliði,179758.0,0.06,,
Diþ Hekimliði Fakültesi,48470.0,1.0,,
Diþ Hekimliði(UOLP-Saðlýk Bilimleri Üniversitesi)(T.C. Vatandaþlarý)(%50 Ýndirimli),33339.0,1.0,,
Diþ Hekimliði(Ýngilizce)(KKTC Uyruklu),46307.2,1.0,,
Ebelik (Yüksekokul) (Ücretli),249366.2,1.0,,
Eczacýlýk(Ýngilizce)(T.C. Vatandaþlarý)(%50 Ýndirimli),54595.33,1.0,,
Elektronik Ticaret ve Teknoloji Yönetimi(Ýngilizce)(%50 Ýndirimli),173435.0,1.0,,
Endüstri ve Sistem Mühendisliði(Ýngilizce)(%25 Ýndirimli),128101.0,1.0,,
Endüstri Ürünleri Tasarýmý(Fakülte)(Ýngilizce)(%50 Ýndirimli),132772.5,1.0,,
Enerji Yönetimi (Ücretli),1265587.0,0.75,,
Felsefe(ÝÖ),204562.0,1.0,,
Film Tasarýmý,4819.0,1.0,,
Finans ve Bankacýlýk (Fakülte) (Ýngilizce) (%50 Ýndirimli),477527.33,0.53,,
Finans ve Bankacýlýk (Fakülte) (Ýngilizce) (Burslu),355418.0,0.73,,
Finans ve Bankacýlýk (Yüksekokul) (ÝÖ),466120.44,0.95,,
Fotoðraf (Ýngilizce) (Burslu),1490.0,1.0,,
Gastronomi(Fakülte)(Burslu),1630.0,1.0,,
Gastronomi(Yüksekokul)(Ücretli),91401.25,1.0,,
Gayrimenkul Geliþtirme ve Yönetimi (Ýngilizce) (%50 Ýndirimli),318750.0,0.1,,
Gerontoloji (Burslu),370738.0,0.97,,
Gerontoloji(Fakülte),79011.1,1.0,,
Giriþimcilik (Ücretli),571530.0,0.3,,
Görsel Ýletiþim(Burslu),23162.0,1.0,,
Gülhane Týp (Ankara),5621.0,1.0,,
Gýda Teknolojisi (Fakülte),354545.0,1.0,,
Gýda Teknolojisi (Yüksekokul),480186.0,0.3,,
Halkbilimi (KKTC UYRUKLU),634738.0,1.0,,
Halkla Ýliþkiler ve Reklamcýlýk(Yüksekokul)(Burslu),48954.0,1.0,,
Halkla Ýliþkiler(Burslu),106333.5,1.0,,
Havacýlýk Yönetimi(Fakülte)(Ýngilizce)(%50 Ýndirimli),310041.3,1.0,,
Havacýlýk ve Uzay Mühendisliði(Ýngilizce)(Burslu),22020.0,1.0,,
Hemþirelik (Besni),154194.5,1.0,,
Hemþirelik ve Saðlýk Hizmetleri(%50 Ýndirimli),199820.67,1.0,,
Kimya Mühendisliði ve Uygulamalý Kimya(Ýngilizce)(Burslu),87288.0,1.0,,
Konaklama Ýþletmeciliði(Yüksekokul),435139.5,1.0,,
Lojistik(Burslu),312412.5,1.0,,
Matematik(%75 Ýndirimli),168985.25,1.0,,
Matematik(Ýngilizce)(KKTC Uyruklu),366376.75,1.0,,
Matematik-Bilgisayar(%50 Ýndirimli),206365.0,1.0,,
Matematik-Bilgisayar(Burslu),105862.67,1.0,,
Medya ve Ýletiþim(Fakülte)(Burslu),41628.67,1.0,,
Medya ve Ýletiþim(Fakülte)(Ýngilizce)(%50 Ýndirimli),129374.5,1.0,,
Mekatronik Sistemler Mühendisliði(Almanca),29173.0,1.0,,
Meteoroloji Mühendisliði (KKTC Uyruklu),150914.0,0.5,,
Moda ve Tekstil Tasarýmý(%75 Ýndirimli),252282.0,1.0,,
Muhasebe ve Finans Yönetimi (Ýngilizce) (Ücretli),1799834.0,0.1,,
Muhasebe(Fakülte)(KKTC Uyruklu),715792.0,1.0,,
Mütercim-Tercümanlýk(Fakülte)(Arapça)(Burslu),13067.19,1.0,,
Mütercim-Tercümanlýk(Fakülte)(Ýng-Fra-Türkçe)(%50 Ýndirimli),8573.67,1.0,,
Mütercim-Tercümanlýk(Fakülte)(Ýngilizce)(T.C. Vatandaþlarý)(Burslu),12266.34,1.0,,
"Mütercim-Tercümanlýk(Fakülte)(Ýngilizce, Fransýzca, Türkçe)",15610.86,1.0,,
Mütercim-Tercümanlýk(Yüksekokul)(Arapça)(Burslu),10202.67,1.0,,
Mütercim-Tercümanlýk(Yüksekokul)(Ýngilizce)(%50 Ýndirimli),11524.61,1.0,,
Müzik,28374.0,1.0,,
Odyoloji (Bozkýr),272255.0,1.0,,
Odyoloji (Fakülte) (Ankara),110396.55,1.0,,
Odyoloji (Fakülte) (Ücretli),465943.5,1.0,,
Odyoloji(Fakülte)(Ankara),59518.0,1.0,,
Ortez-Protez(Fakülte)(%75 Ýndirimli),319376.0,1.0,,
Ortez-Protez(Fakülte)(Burslu),142517.67,1.0,,
Pazarlama (Fakülte) (Ýngilizce) (%50 Ýndirimli),232874.0,0.9,,
Polonya Dili ve Kültürü(Lehçe),16921.0,1.0,,
Psikolojik Danýþmanlýk ve Rehberlik Öðretmenliði (Ücretli),182726.0,0.2,,
Reklam Tasarýmý ve Ýletiþimi (Ýngilizce) (Ücretli),794374.0,1.0,,
Reklamcýlýk(Ýngilizce)(%75 Ýndirimli),176466.74,1.0,,
Rekreasyon (Burslu),467342.0,1.0,,
Rekreasyon (Fakülte) (Burslu),546732.67,0.78,,
Restorasyon ve Konservasyon(Burslu),127052.0,1.0,,
Robotik ve Otonom Sistemleri Mühendisliði,1956.0,1.0,,
Sanat Yönetimi,12350.0,1.0,,
Sermaye Piyasalarý ve Portföy Yönetimi(Burslu),203698.0,1.0,,
Sermaye Piyasasý (Yüksekokul),160949.0,1.0,,
Sermaye Piyasasý (Yüksekokul) (KKTC Uyruklu),755400.0,1.0,,
Sigortacýlýk (Fakülte) (Burslu),266971.0,1.0,,
Sigortacýlýk (Yüksekokul),384370.33,0.92,,
Sigortacýlýk ve Risk Yönetimi(Fakülte)(%75 Ýndirimli),210988.5,1.0,,
Siyaset Bilimi,281578.0,1.0,,
Siyaset Bilimi(Ýngilizce)(%75 Ýndirimli),287941.5,1.0,,
Sosyal Hizmet (Fakülte) (Uzaktan Öðretim),48082.0,1.0,,
Sosyal Hizmet (Fakülte) (Ýngilizce) (Burslu),460626.5,0.29,,
Sosyal Hizmet(Fakülte)(%75 Ýndirimli),205368.45,1.0,,
Sosyal Hizmet(Fakülte)(KKTC Uyruklu),129456.3,1.0,,
Sosyal Hizmet(Yüksekokul)(%75 Ýndirimli),431383.0,1.0,,
Sosyoloji(Ýngilizce)(Ücretli),241799.33,1.0,,
Spor Bilimleri,166793.0,1.0,,
Sýnýf Öðretmenliði(Ýngilizce)(Burslu),39442.0,1.0,,
Tarih(Ýngilizce)(Burslu),1107.89,1.0,,
Teknoloji ve Bilgi Yönetimi(%75 Ýndirimli),323996.0,1.0,,
Turizm ve Otel Ýþletmeciliði(Yüksekokul)(Burslu),281751.0,1.0,,
Turizm ve Otelcilik(%75 Ýndirimli),253714.8,1.0,,
Turizm ve Otelcilik(Burslu),299918.0,1.0,,
Turizm Ýþletmeciliði ve Otelcilik,314148.0,1.0,,
Türk Dili ve Edebiyatý (UOLP-Kosova Priþtine Üniversitesi) (UOLP) (Ücretli),274711.0,0.1,,
Týp Fakültesi (Ücretli),30386.0,0.45,,
Týp(KKTC Uyruklu),24716.1,1.0,,
Týp(Ýngilizce)(UOLP-Marmara Üniversitesi)(T.C. Vatandaþlarý)(%50 Ýndirimli),23081.0,1.0,,
Týp(Ýstanbul)(Erkek)(Milli Savunma Bakanlýðý Adýna),20153.0,1.0,,
Ulaþtýrma ve Lojistik(Fakülte),206453.0,1.0,,
Uluslararasý Lojistik Yönetimi(Burslu),185798.0,1.0,,
Uluslararasý Lojistik ve Taþýmacýlýk(Fakülte)(Ýngilizce)(Burslu),218725.25,1.0,,
Uluslararasý Lojistik ve Taþýmacýlýk(Yüksekokul)(Ýngilizce)(%50 Ýndirimli),256199.25,1.0,,
Uluslararasý Ýþletme Yönetimi (Ýngilizce) (Ücretli),1560362.0,0.19,,
Uçak Bakým ve Onarým (Fakülte),94544.0,1.0,,
Uçak Bakým ve Onarým (KKTC UYRUKLU),463275.0,1.0,,
Uçak Elektrik-Elektronik(Fakülte)(ÝÖ),122396.25,1.0,,
Uçak Elektrik-Elektronik(Yüksekokul)(Ýngilizce)(%50 Ýndirimli),177682.8,1.0,,
Veri Bilimi ve Analitiði (Ýngilizce),115581.29,1.0,,
Veterinerlik(%75 Ýndirimli),171460.0,1.0,,
Veterinerlik(Burslu),121257.0,1.0,,
Yapay Zeka ve Makine Öðrenmesi,58655.2,1.0,,
Yazýlým Geliþtirme,86854.0,1.0,,
Yazýlým Mühendisliði(%75 Ýndirimli),102926.3,1.0,,
Yeni Medya (Fakülte) (Burslu),852.0,1.0,,
Yeni Medya ve Gazetecilik(Fakülte)(Burslu),211150.33,1.0,,
Yeni Medya ve Gazetecilik(Fakülte)(Ýngilizce)(T.C. Vatandaþlarý)(Burslu),312730.0,1.0,,
Yeni Medya ve Gazetecilik(Yüksekokul)(%75 Ýndirimli),310129.0,1.0,,
Yeni Medya ve Gazetecilik(Yüksekokul)(Burslu),82267.5,1.0,,
Yeni Medya(Fakülte)(Burslu),90411.12,1.0,,
Çeviribilim(Almanca)(ÝÖ),30063.0,1.0,,
Ýklim Bilimi ve Meteoroloji Mühendisliði,39074.0,1.0,,
Ýlahiyat(Arapça)(T.C. Vatandaþlarý)(Burslu),334478.0,1.0,,
Ýletiþim Tasarýmý ve Yeni Medya(%75 Ýndirimli),119416.5,1.0,,
Ýngiliz Dili ve Karþýlaþtýrmalý Edebiyat(Ýngilizce)(%50 Ýndirimli),4764.0,1.0,,
Ýngilizce Mütercim ve Tercümanlýk (Yüksekokul) (%50 Ýndirimli),15917.62,0.97,,
Ýnsan Kaynaklarý Yönetimi (KKTC Uyruklu),1108169.0,1.0,,
Ýnsan Kaynaklarý Yönetimi (Yüksekokul) (Ýngilizce) (%50 Ýndirimli),426698.0,0.8,,
Ýnsan ve Toplum Bilimleri(Ýngilizce)(Burslu),153815.0,1.0,,
Ýnþaat Mühendisliði(Ýngilizce)(UOLP-Azerbaycan Mimarlýk ve Ýnþaat Üniversitesi)(Ücretli),71541.0,1.0,,
Ýslam Ekonomisi ve Finans(%75 Ýndirimli),355811.0,1.0,,
Ýslam Ekonomisi ve Finans(Ýngilizce)(Burslu ),104016.67,1.0,,
Ýstanbul Týp,1432.0,1.0,,
Ýstanbul Týp (Ýngilizce),588.0,1.0,,
Ýç Mimarlýk(Ýngilizce)(Burslu),133763.6,1.0,,
Ýþletme (Ýngilizce) (Uzaktan Öðretim),44922.0,1.0,,
Ýþletme Bilgi Yönetimi(Burslu),339242.0,1.0,,
Ýþletme Enformatiði(%75 Ýndirimli),205094.0,1.0,,
Ýþletme Enformatiði(Almanca),84125.33,1.0,,
